category,metric,week_start,week_end,week_range,value
Leads,Alumnae EH,2024-12-31,2025-01-06,31-12-2024 - 06-01-2025,6
Leads,Alumnae PTH,2024-12-31,2025-01-06,31-12-2024 - 06-01-2025,0
Leads,Daily Average EH,2024-12-31,2025-01-06,31-12-2024 - 06-01-2025,13
Leads,Daily Average PTH,2024-12-31,2025-01-06,31-12-2024 - 06-01-2025,2
Leads,EH IG,2024-12-31,2025-01-06,31-12-2024 - 06-01-2025,0
Leads,EH Live Chat,2024-12-31,2025-01-06,31-12-2024 - 06-01-2025,0
Leads,EH Opt in pop up box,2024-12-31,2025-01-06,31-12-2024 - 06-01-2025,48
Leads,EH WhatsApp,2024-12-31,2025-01-06,31-12-2024 - 06-01-2025,25
Leads,Nuture Sequence EH,2024-12-31,2025-01-06,31-12-2024 - 06-01-2025,2
Leads,Nuture Sequence PTH,2024-12-31,2025-01-06,31-12-2024 - 06-01-2025,0
Leads,PTH IG,2024-12-31,2025-01-06,31-12-2024 - 06-01-2025,0
Leads,PTH Opt in pop up box,2024-12-31,2025-01-06,31-12-2024 - 06-01-2025,8
Leads,PTH WhatsApp,2024-12-31,2025-01-06,31-12-2024 - 06-01-2025,2
Leads,QUALIFIED LEADS EH,2024-12-31,2025-01-06,31-12-2024 - 06-01-2025,36
Leads,QUALIFIED LEADS PTH,2024-12-31,2025-01-06,31-12-2024 - 06-01-2025,4
Leads,Total Number of EH calls,2024-12-31,2025-01-06,31-12-2024 - 06-01-2025,0
Leads,Total Number of Leads EH,2024-12-31,2025-01-06,31-12-2024 - 06-01-2025,89
Leads,Total Number of Leads PTH,2024-12-31,2025-01-06,31-12-2024 - 06-01-2025,14
Leads,Total Number of PTH calls,2024-12-31,2025-01-06,31-12-2024 - 06-01-2025,0
Leads,Alumnae EH,2025-01-07,2025-01-13,07-01-2025 - 13-01-2025,6
Leads,Alumnae PTH,2025-01-07,2025-01-13,07-01-2025 - 13-01-2025,0
Leads,Daily Average EH,2025-01-07,2025-01-13,07-01-2025 - 13-01-2025,19
Leads,Daily Average PTH,2025-01-07,2025-01-13,07-01-2025 - 13-01-2025,5
Leads,EH IG,2025-01-07,2025-01-13,07-01-2025 - 13-01-2025,0
Leads,EH Live Chat,2025-01-07,2025-01-13,07-01-2025 - 13-01-2025,0
Leads,EH Opt in pop up box,2025-01-07,2025-01-13,07-01-2025 - 13-01-2025,53
Leads,EH WhatsApp,2025-01-07,2025-01-13,07-01-2025 - 13-01-2025,25
Leads,Nuture Sequence EH,2025-01-07,2025-01-13,07-01-2025 - 13-01-2025,1
Leads,Nuture Sequence PTH,2025-01-07,2025-01-13,07-01-2025 - 13-01-2025,0
Leads,PTH IG,2025-01-07,2025-01-13,07-01-2025 - 13-01-2025,0
Leads,PTH Opt in pop up box,2025-01-07,2025-01-13,07-01-2025 - 13-01-2025,3
Leads,PTH WhatsApp,2025-01-07,2025-01-13,07-01-2025 - 13-01-2025,3
Leads,QUALIFIED LEADS EH,2025-01-07,2025-01-13,07-01-2025 - 13-01-2025,35
Leads,QUALIFIED LEADS PTH,2025-01-07,2025-01-13,07-01-2025 - 13-01-2025,4
Leads,Total Number of EH calls,2025-01-07,2025-01-13,07-01-2025 - 13-01-2025,2
Leads,Total Number of Leads EH,2025-01-07,2025-01-13,07-01-2025 - 13-01-2025,131
Leads,Total Number of Leads PTH,2025-01-07,2025-01-13,07-01-2025 - 13-01-2025,14
Leads,Total Number of PTH calls,2025-01-07,2025-01-13,07-01-2025 - 13-01-2025,0
Sales,Hold invoices cancelled,2025-01-07,2025-01-13,07-01-2025 - 13-01-2025,1
Sales,Hold invoices cancelled,2025-01-07,2025-01-13,07-01-2025 - 13-01-2025,0
Sales,Hold invoices outstanding,2025-01-07,2025-01-13,07-01-2025 - 13-01-2025,2
Sales,Hold invoices outstanding,2025-01-07,2025-01-13,07-01-2025 - 13-01-2025,1
Sales,Hold invoices paid over 2 days,2025-01-07,2025-01-13,07-01-2025 - 13-01-2025,0
Sales,Hold invoices paid over 3 days,2025-01-07,2025-01-13,07-01-2025 - 13-01-2025,0
Sales,Hold invoices paid within 2 days,2025-01-07,2025-01-13,07-01-2025 - 13-01-2025,1
Sales,Hold invoices paid within 3 days,2025-01-07,2025-01-13,07-01-2025 - 13-01-2025,1
Sales,Hold invoices raised EH,2025-01-07,2025-01-13,07-01-2025 - 13-01-2025,13
Sales,Hold invoices raised PTH,2025-01-07,2025-01-13,07-01-2025 - 13-01-2025,2
Sales,Hold to Paid conversion EH,2025-01-07,2025-01-13,07-01-2025 - 13-01-2025,9
Sales,Hold to Paid conversion PTH,2025-01-07,2025-01-13,07-01-2025 - 13-01-2025,1
Sales,Lead to quote,2025-01-07,2025-01-13,07-01-2025 - 13-01-2025,4
Sales,Qualified Lead to Hold conversion EH,2025-01-07,2025-01-13,07-01-2025 - 13-01-2025,0.37
Sales,Qualified Lead to Hold conversion PTH,2025-01-07,2025-01-13,07-01-2025 - 13-01-2025,0
Leads,Alumnae EH,2025-01-14,2025-01-20,14-01-2025 - 20-01-2025,4
Leads,Alumnae PTH,2025-01-14,2025-01-20,14-01-2025 - 20-01-2025,0
Leads,Daily Average EH,2025-01-14,2025-01-20,14-01-2025 - 20-01-2025,15
Leads,Daily Average PTH,2025-01-14,2025-01-20,14-01-2025 - 20-01-2025,2
Leads,EH IG,2025-01-14,2025-01-20,14-01-2025 - 20-01-2025,0
Leads,EH Live Chat,2025-01-14,2025-01-20,14-01-2025 - 20-01-2025,0
Leads,EH Opt in pop up box,2025-01-14,2025-01-20,14-01-2025 - 20-01-2025,54
Leads,EH WhatsApp,2025-01-14,2025-01-20,14-01-2025 - 20-01-2025,20
Leads,Nuture Sequence EH,2025-01-14,2025-01-20,14-01-2025 - 20-01-2025,1
Leads,Nuture Sequence PTH,2025-01-14,2025-01-20,14-01-2025 - 20-01-2025,0
Leads,PTH IG,2025-01-14,2025-01-20,14-01-2025 - 20-01-2025,0
Leads,PTH Opt in pop up box,2025-01-14,2025-01-20,14-01-2025 - 20-01-2025,1
Leads,PTH WhatsApp,2025-01-14,2025-01-20,14-01-2025 - 20-01-2025,1
Leads,QUALIFIED LEADS EH,2025-01-14,2025-01-20,14-01-2025 - 20-01-2025,40
Leads,QUALIFIED LEADS PTH,2025-01-14,2025-01-20,14-01-2025 - 20-01-2025,4
Leads,Total Number of EH calls,2025-01-14,2025-01-20,14-01-2025 - 20-01-2025,1
Leads,Total Number of Leads EH,2025-01-14,2025-01-20,14-01-2025 - 20-01-2025,108
Leads,Total Number of Leads PTH,2025-01-14,2025-01-20,14-01-2025 - 20-01-2025,14
Leads,Total Number of PTH calls,2025-01-14,2025-01-20,14-01-2025 - 20-01-2025,0
Sales,Hold invoices cancelled,2025-01-14,2025-01-20,14-01-2025 - 20-01-2025,1
Sales,Hold invoices cancelled,2025-01-14,2025-01-20,14-01-2025 - 20-01-2025,0
Sales,Hold invoices outstanding,2025-01-14,2025-01-20,14-01-2025 - 20-01-2025,6
Sales,Hold invoices outstanding,2025-01-14,2025-01-20,14-01-2025 - 20-01-2025,0
Sales,Hold invoices paid over 2 days,2025-01-14,2025-01-20,14-01-2025 - 20-01-2025,0
Sales,Hold invoices paid over 3 days,2025-01-14,2025-01-20,14-01-2025 - 20-01-2025,0
Sales,Hold invoices paid within 2 days,2025-01-14,2025-01-20,14-01-2025 - 20-01-2025,9
Sales,Hold invoices paid within 3 days,2025-01-14,2025-01-20,14-01-2025 - 20-01-2025,0
Sales,Hold invoices raised EH,2025-01-14,2025-01-20,14-01-2025 - 20-01-2025,15
Sales,Hold invoices raised PTH,2025-01-14,2025-01-20,14-01-2025 - 20-01-2025,0
Sales,Hold to Paid conversion EH,2025-01-14,2025-01-20,14-01-2025 - 20-01-2025,9
Sales,Hold to Paid conversion PTH,2025-01-14,2025-01-20,14-01-2025 - 20-01-2025,0
Sales,Lead to quote,2025-01-14,2025-01-20,14-01-2025 - 20-01-2025,19
Sales,Qualified Lead to Hold conversion EH,2025-01-14,2025-01-20,14-01-2025 - 20-01-2025,0.38
Sales,Qualified Lead to Hold conversion PTH,2025-01-14,2025-01-20,14-01-2025 - 20-01-2025,0
Leads,Alumnae EH,2025-01-21,2025-01-27,21-01-2025 - 27-01-2025,5
Leads,Alumnae PTH,2025-01-21,2025-01-27,21-01-2025 - 27-01-2025,0
Leads,Daily Average EH,2025-01-21,2025-01-27,21-01-2025 - 27-01-2025,17
Leads,Daily Average PTH,2025-01-21,2025-01-27,21-01-2025 - 27-01-2025,3
Leads,EH IG,2025-01-21,2025-01-27,21-01-2025 - 27-01-2025,0
Leads,EH Live Chat,2025-01-21,2025-01-27,21-01-2025 - 27-01-2025,0
Leads,EH Opt in pop up box,2025-01-21,2025-01-27,21-01-2025 - 27-01-2025,62
Leads,EH WhatsApp,2025-01-21,2025-01-27,21-01-2025 - 27-01-2025,25
Leads,Nuture Sequence EH,2025-01-21,2025-01-27,21-01-2025 - 27-01-2025,0
Leads,Nuture Sequence PTH,2025-01-21,2025-01-27,21-01-2025 - 27-01-2025,0
Leads,PTH IG,2025-01-21,2025-01-27,21-01-2025 - 27-01-2025,0
Leads,PTH Opt in pop up box,2025-01-21,2025-01-27,21-01-2025 - 27-01-2025,7
Leads,PTH WhatsApp,2025-01-21,2025-01-27,21-01-2025 - 27-01-2025,2
Leads,QUALIFIED LEADS EH,2025-01-21,2025-01-27,21-01-2025 - 27-01-2025,42
Leads,QUALIFIED LEADS PTH,2025-01-21,2025-01-27,21-01-2025 - 27-01-2025,4
Leads,Total Number of EH calls,2025-01-21,2025-01-27,21-01-2025 - 27-01-2025,1
Leads,Total Number of Leads EH,2025-01-21,2025-01-27,21-01-2025 - 27-01-2025,118
Leads,Total Number of Leads PTH,2025-01-21,2025-01-27,21-01-2025 - 27-01-2025,22
Leads,Total Number of PTH calls,2025-01-21,2025-01-27,21-01-2025 - 27-01-2025,0
Sales,Hold invoices cancelled,2025-01-21,2025-01-27,21-01-2025 - 27-01-2025,2
Sales,Hold invoices cancelled,2025-01-21,2025-01-27,21-01-2025 - 27-01-2025,0
Sales,Hold invoices outstanding,2025-01-21,2025-01-27,21-01-2025 - 27-01-2025,6
Sales,Hold invoices outstanding,2025-01-21,2025-01-27,21-01-2025 - 27-01-2025,0
Sales,Hold invoices paid over 2 days,2025-01-21,2025-01-27,21-01-2025 - 27-01-2025,0
Sales,Hold invoices paid over 3 days,2025-01-21,2025-01-27,21-01-2025 - 27-01-2025,0
Sales,Hold invoices paid within 2 days,2025-01-21,2025-01-27,21-01-2025 - 27-01-2025,16
Sales,Hold invoices paid within 3 days,2025-01-21,2025-01-27,21-01-2025 - 27-01-2025,0
Sales,Hold invoices raised EH,2025-01-21,2025-01-27,21-01-2025 - 27-01-2025,24
Sales,Hold invoices raised PTH,2025-01-21,2025-01-27,21-01-2025 - 27-01-2025,0
Sales,Hold to Paid conversion EH,2025-01-21,2025-01-27,21-01-2025 - 27-01-2025,16
Sales,Hold to Paid conversion PTH,2025-01-21,2025-01-27,21-01-2025 - 27-01-2025,0
Sales,Lead to quote,2025-01-21,2025-01-27,21-01-2025 - 27-01-2025,28
Sales,Qualified Lead to Hold conversion EH,2025-01-21,2025-01-27,21-01-2025 - 27-01-2025,0.57
Sales,Qualified Lead to Hold conversion PTH,2025-01-21,2025-01-27,21-01-2025 - 27-01-2025,0
Leads,Alumnae EH,2025-01-28,2025-02-03,28-01-2025 - 03-02-2025,3
Leads,Alumnae PTH,2025-01-28,2025-02-03,28-01-2025 - 03-02-2025,1
Leads,Daily Average EH,2025-01-28,2025-02-03,28-01-2025 - 03-02-2025,22
Leads,Daily Average PTH,2025-01-28,2025-02-03,28-01-2025 - 03-02-2025,3
Leads,EH IG,2025-01-28,2025-02-03,28-01-2025 - 03-02-2025,0
Leads,EH Live Chat,2025-01-28,2025-02-03,28-01-2025 - 03-02-2025,0
Leads,EH Opt in pop up box,2025-01-28,2025-02-03,28-01-2025 - 03-02-2025,76
Leads,EH WhatsApp,2025-01-28,2025-02-03,28-01-2025 - 03-02-2025,20
Leads,Nuture Sequence EH,2025-01-28,2025-02-03,28-01-2025 - 03-02-2025,1
Leads,Nuture Sequence PTH,2025-01-28,2025-02-03,28-01-2025 - 03-02-2025,0
Leads,PTH IG,2025-01-28,2025-02-03,28-01-2025 - 03-02-2025,0
Leads,PTH Opt in pop up box,2025-01-28,2025-02-03,28-01-2025 - 03-02-2025,6
Leads,PTH WhatsApp,2025-01-28,2025-02-03,28-01-2025 - 03-02-2025,1
Leads,QUALIFIED LEADS EH,2025-01-28,2025-02-03,28-01-2025 - 03-02-2025,39
Leads,QUALIFIED LEADS PTH,2025-01-28,2025-02-03,28-01-2025 - 03-02-2025,5
Leads,Total Number of EH calls,2025-01-28,2025-02-03,28-01-2025 - 03-02-2025,1
Leads,Total Number of Leads EH,2025-01-28,2025-02-03,28-01-2025 - 03-02-2025,151
Leads,Total Number of Leads PTH,2025-01-28,2025-02-03,28-01-2025 - 03-02-2025,20
Leads,Total Number of PTH calls,2025-01-28,2025-02-03,28-01-2025 - 03-02-2025,0
Sales,Hold invoices cancelled,2025-01-28,2025-02-03,28-01-2025 - 03-02-2025,0
Sales,Hold invoices cancelled,2025-01-28,2025-02-03,28-01-2025 - 03-02-2025,0
Sales,Hold invoices outstanding,2025-01-28,2025-02-03,28-01-2025 - 03-02-2025,2
Sales,Hold invoices outstanding,2025-01-28,2025-02-03,28-01-2025 - 03-02-2025,0
Sales,Hold invoices paid over 2 days,2025-01-28,2025-02-03,28-01-2025 - 03-02-2025,1
Sales,Hold invoices paid over 3 days,2025-01-28,2025-02-03,28-01-2025 - 03-02-2025,0
Sales,Hold invoices paid within 2 days,2025-01-28,2025-02-03,28-01-2025 - 03-02-2025,15
Sales,Hold invoices paid within 3 days,2025-01-28,2025-02-03,28-01-2025 - 03-02-2025,1
Sales,Hold invoices raised EH,2025-01-28,2025-02-03,28-01-2025 - 03-02-2025,18
Sales,Hold invoices raised PTH,2025-01-28,2025-02-03,28-01-2025 - 03-02-2025,1
Sales,Hold to Paid conversion EH,2025-01-28,2025-02-03,28-01-2025 - 03-02-2025,16
Sales,Hold to Paid conversion PTH,2025-01-28,2025-02-03,28-01-2025 - 03-02-2025,1
Sales,Lead to quote,2025-01-28,2025-02-03,28-01-2025 - 03-02-2025,22
Sales,Qualified Lead to Hold conversion EH,2025-01-28,2025-02-03,28-01-2025 - 03-02-2025,0.46
Sales,Qualified Lead to Hold conversion PTH,2025-01-28,2025-02-03,28-01-2025 - 03-02-2025,0
Leads,Alumnae EH,2025-02-04,2025-02-10,04-02-2025 - 10-02-2025,101
Leads,Alumnae PTH,2025-02-04,2025-02-10,04-02-2025 - 10-02-2025,1
Leads,Daily Average EH,2025-02-04,2025-02-10,04-02-2025 - 10-02-2025,40
Leads,Daily Average PTH,2025-02-04,2025-02-10,04-02-2025 - 10-02-2025,3
Leads,EH IG,2025-02-04,2025-02-10,04-02-2025 - 10-02-2025,0
Leads,EH Live Chat,2025-02-04,2025-02-10,04-02-2025 - 10-02-2025,0
Leads,EH Opt in pop up box,2025-02-04,2025-02-10,04-02-2025 - 10-02-2025,124
Leads,EH WhatsApp,2025-02-04,2025-02-10,04-02-2025 - 10-02-2025,22
Leads,Nuture Sequence EH,2025-02-04,2025-02-10,04-02-2025 - 10-02-2025,0
Leads,Nuture Sequence PTH,2025-02-04,2025-02-10,04-02-2025 - 10-02-2025,0
Leads,PTH IG,2025-02-04,2025-02-10,04-02-2025 - 10-02-2025,0
Leads,PTH Opt in pop up box,2025-02-04,2025-02-10,04-02-2025 - 10-02-2025,11
Leads,PTH WhatsApp,2025-02-04,2025-02-10,04-02-2025 - 10-02-2025,7
Leads,QUALIFIED LEADS EH,2025-02-04,2025-02-10,04-02-2025 - 10-02-2025,55
Leads,QUALIFIED LEADS PTH,2025-02-04,2025-02-10,04-02-2025 - 10-02-2025,6
Leads,Total Number of EH calls,2025-02-04,2025-02-10,04-02-2025 - 10-02-2025,0
Leads,Total Number of Leads EH,2025-02-04,2025-02-10,04-02-2025 - 10-02-2025,280
Leads,Total Number of Leads PTH,2025-02-04,2025-02-10,04-02-2025 - 10-02-2025,23
Leads,Total Number of PTH calls,2025-02-04,2025-02-10,04-02-2025 - 10-02-2025,0
Sales,Hold invoices cancelled,2025-02-04,2025-02-10,04-02-2025 - 10-02-2025,1
Sales,Hold invoices cancelled,2025-02-04,2025-02-10,04-02-2025 - 10-02-2025,0
Sales,Hold invoices outstanding,2025-02-04,2025-02-10,04-02-2025 - 10-02-2025,8
Sales,Hold invoices outstanding,2025-02-04,2025-02-10,04-02-2025 - 10-02-2025,0
Sales,Hold invoices paid over 2 days,2025-02-04,2025-02-10,04-02-2025 - 10-02-2025,0
Sales,Hold invoices paid over 3 days,2025-02-04,2025-02-10,04-02-2025 - 10-02-2025,0
Sales,Hold invoices paid within 2 days,2025-02-04,2025-02-10,04-02-2025 - 10-02-2025,7
Sales,Hold invoices paid within 3 days,2025-02-04,2025-02-10,04-02-2025 - 10-02-2025,1
Sales,Hold invoices raised EH,2025-02-04,2025-02-10,04-02-2025 - 10-02-2025,16
Sales,Hold invoices raised PTH,2025-02-04,2025-02-10,04-02-2025 - 10-02-2025,1
Sales,Hold to Paid conversion EH,2025-02-04,2025-02-10,04-02-2025 - 10-02-2025,7
Sales,Hold to Paid conversion PTH,2025-02-04,2025-02-10,04-02-2025 - 10-02-2025,1
Sales,Lead to quote,2025-02-04,2025-02-10,04-02-2025 - 10-02-2025,30
Sales,Qualified Lead to Hold conversion EH,2025-02-04,2025-02-10,04-02-2025 - 10-02-2025,0.29
Sales,Qualified Lead to Hold conversion PTH,2025-02-04,2025-02-10,04-02-2025 - 10-02-2025,1
Leads,Alumnae EH,2025-02-11,2025-02-17,11-02-2025 - 17-02-2025,21
Leads,Alumnae PTH,2025-02-11,2025-02-17,11-02-2025 - 17-02-2025,3
Leads,Daily Average EH,2025-02-11,2025-02-17,11-02-2025 - 17-02-2025,19
Leads,Daily Average PTH,2025-02-11,2025-02-17,11-02-2025 - 17-02-2025,3
Leads,EH IG,2025-02-11,2025-02-17,11-02-2025 - 17-02-2025,0
Leads,EH Live Chat,2025-02-11,2025-02-17,11-02-2025 - 17-02-2025,0
Leads,EH Opt in pop up box,2025-02-11,2025-02-17,11-02-2025 - 17-02-2025,77
Leads,EH WhatsApp,2025-02-11,2025-02-17,11-02-2025 - 17-02-2025,20
Leads,Nuture Sequence EH,2025-02-11,2025-02-17,11-02-2025 - 17-02-2025,0
Leads,Nuture Sequence PTH,2025-02-11,2025-02-17,11-02-2025 - 17-02-2025,0
Leads,PTH IG,2025-02-11,2025-02-17,11-02-2025 - 17-02-2025,0
Leads,PTH Opt in pop up box,2025-02-11,2025-02-17,11-02-2025 - 17-02-2025,8
Leads,PTH WhatsApp,2025-02-11,2025-02-17,11-02-2025 - 17-02-2025,5
Leads,QUALIFIED LEADS EH,2025-02-11,2025-02-17,11-02-2025 - 17-02-2025,29
Leads,QUALIFIED LEADS PTH,2025-02-11,2025-02-17,11-02-2025 - 17-02-2025,5
Leads,Total Number of EH calls,2025-02-11,2025-02-17,11-02-2025 - 17-02-2025,2
Leads,Total Number of Leads EH,2025-02-11,2025-02-17,11-02-2025 - 17-02-2025,135
Leads,Total Number of Leads PTH,2025-02-11,2025-02-17,11-02-2025 - 17-02-2025,21
Leads,Total Number of PTH calls,2025-02-11,2025-02-17,11-02-2025 - 17-02-2025,0
Sales,Hold invoices cancelled,2025-02-11,2025-02-17,11-02-2025 - 17-02-2025,1
Sales,Hold invoices cancelled,2025-02-11,2025-02-17,11-02-2025 - 17-02-2025,0
Sales,Hold invoices outstanding,2025-02-11,2025-02-17,11-02-2025 - 17-02-2025,11
Sales,Hold invoices outstanding,2025-02-11,2025-02-17,11-02-2025 - 17-02-2025,2
Sales,Hold invoices paid over 2 days,2025-02-11,2025-02-17,11-02-2025 - 17-02-2025,0
Sales,Hold invoices paid over 3 days,2025-02-11,2025-02-17,11-02-2025 - 17-02-2025,0
Sales,Hold invoices paid within 2 days,2025-02-11,2025-02-17,11-02-2025 - 17-02-2025,12
Sales,Hold invoices paid within 3 days,2025-02-11,2025-02-17,11-02-2025 - 17-02-2025,2
Sales,Hold invoices raised EH,2025-02-11,2025-02-17,11-02-2025 - 17-02-2025,24
Sales,Hold invoices raised PTH,2025-02-11,2025-02-17,11-02-2025 - 17-02-2025,4
Sales,Hold to Paid conversion EH,2025-02-11,2025-02-17,11-02-2025 - 17-02-2025,12
Sales,Hold to Paid conversion PTH,2025-02-11,2025-02-17,11-02-2025 - 17-02-2025,2
Sales,Lead to quote,2025-02-11,2025-02-17,11-02-2025 - 17-02-2025,15
Sales,Qualified Lead to Hold conversion EH,2025-02-11,2025-02-17,11-02-2025 - 17-02-2025,0.83
Sales,Qualified Lead to Hold conversion PTH,2025-02-11,2025-02-17,11-02-2025 - 17-02-2025,0.8
Leads,Alumnae EH,2025-02-18,2025-02-24,18-02-2025 - 24-02-2025,6
Leads,Alumnae PTH,2025-02-18,2025-02-24,18-02-2025 - 24-02-2025,3
Leads,Daily Average EH,2025-02-18,2025-02-24,18-02-2025 - 24-02-2025,17
Leads,Daily Average PTH,2025-02-18,2025-02-24,18-02-2025 - 24-02-2025,3
Leads,EH IG,2025-02-18,2025-02-24,18-02-2025 - 24-02-2025,0
Leads,EH Live Chat,2025-02-18,2025-02-24,18-02-2025 - 24-02-2025,0
Leads,EH Opt in pop up box,2025-02-18,2025-02-24,18-02-2025 - 24-02-2025,80
Leads,EH WhatsApp,2025-02-18,2025-02-24,18-02-2025 - 24-02-2025,15
Leads,Nuture Sequence EH,2025-02-18,2025-02-24,18-02-2025 - 24-02-2025,0
Leads,Nuture Sequence PTH,2025-02-18,2025-02-24,18-02-2025 - 24-02-2025,0
Leads,PTH IG,2025-02-18,2025-02-24,18-02-2025 - 24-02-2025,0
Leads,PTH Opt in pop up box,2025-02-18,2025-02-24,18-02-2025 - 24-02-2025,10
Leads,PTH WhatsApp,2025-02-18,2025-02-24,18-02-2025 - 24-02-2025,5
Leads,QUALIFIED LEADS EH,2025-02-18,2025-02-24,18-02-2025 - 24-02-2025,31
Leads,QUALIFIED LEADS PTH,2025-02-18,2025-02-24,18-02-2025 - 24-02-2025,4
Leads,Total Number of EH calls,2025-02-18,2025-02-24,18-02-2025 - 24-02-2025,0
Leads,Total Number of Leads EH,2025-02-18,2025-02-24,18-02-2025 - 24-02-2025,121
Leads,Total Number of Leads PTH,2025-02-18,2025-02-24,18-02-2025 - 24-02-2025,21
Leads,Total Number of PTH calls,2025-02-18,2025-02-24,18-02-2025 - 24-02-2025,0
Sales,Hold invoices cancelled,2025-02-18,2025-02-24,18-02-2025 - 24-02-2025,1
Sales,Hold invoices cancelled,2025-02-18,2025-02-24,18-02-2025 - 24-02-2025,0
Sales,Hold invoices outstanding,2025-02-18,2025-02-24,18-02-2025 - 24-02-2025,7
Sales,Hold invoices outstanding,2025-02-18,2025-02-24,18-02-2025 - 24-02-2025,0
Sales,Hold invoices paid over 2 days,2025-02-18,2025-02-24,18-02-2025 - 24-02-2025,2
Sales,Hold invoices paid over 3 days,2025-02-18,2025-02-24,18-02-2025 - 24-02-2025,2
Sales,Hold invoices paid within 2 days,2025-02-18,2025-02-24,18-02-2025 - 24-02-2025,1
Sales,Hold invoices paid within 3 days,2025-02-18,2025-02-24,18-02-2025 - 24-02-2025,1
Sales,Hold invoices raised EH,2025-02-18,2025-02-24,18-02-2025 - 24-02-2025,11
Sales,Hold invoices raised PTH,2025-02-18,2025-02-24,18-02-2025 - 24-02-2025,3
Sales,Hold to Paid conversion EH,2025-02-18,2025-02-24,18-02-2025 - 24-02-2025,5
Sales,Hold to Paid conversion PTH,2025-02-18,2025-02-24,18-02-2025 - 24-02-2025,3
Sales,Lead to quote,2025-02-18,2025-02-24,18-02-2025 - 24-02-2025,15
Sales,Qualified Lead to Hold conversion EH,2025-02-18,2025-02-24,18-02-2025 - 24-02-2025,0.35
Sales,Qualified Lead to Hold conversion PTH,2025-02-18,2025-02-24,18-02-2025 - 24-02-2025,0.75
Leads,Alumnae EH,2025-02-25,2025-03-03,25-02-2025 - 03-03-2025,4
Leads,Alumnae PTH,2025-02-25,2025-03-03,25-02-2025 - 03-03-2025,1
Leads,Daily Average EH,2025-02-25,2025-03-03,25-02-2025 - 03-03-2025,15
Leads,Daily Average PTH,2025-02-25,2025-03-03,25-02-2025 - 03-03-2025,2
Leads,EH IG,2025-02-25,2025-03-03,25-02-2025 - 03-03-2025,0
Leads,EH Live Chat,2025-02-25,2025-03-03,25-02-2025 - 03-03-2025,0
Leads,EH Opt in pop up box,2025-02-25,2025-03-03,25-02-2025 - 03-03-2025,55
Leads,EH WhatsApp,2025-02-25,2025-03-03,25-02-2025 - 03-03-2025,27
Leads,Nuture Sequence EH,2025-02-25,2025-03-03,25-02-2025 - 03-03-2025,1
Leads,Nuture Sequence PTH,2025-02-25,2025-03-03,25-02-2025 - 03-03-2025,0
Leads,PTH IG,2025-02-25,2025-03-03,25-02-2025 - 03-03-2025,0
Leads,PTH Opt in pop up box,2025-02-25,2025-03-03,25-02-2025 - 03-03-2025,7
Leads,PTH WhatsApp,2025-02-25,2025-03-03,25-02-2025 - 03-03-2025,6
Leads,QUALIFIED LEADS EH,2025-02-25,2025-03-03,25-02-2025 - 03-03-2025,30
Leads,QUALIFIED LEADS PTH,2025-02-25,2025-03-03,25-02-2025 - 03-03-2025,6
Leads,Total Number of EH calls,2025-02-25,2025-03-03,25-02-2025 - 03-03-2025,0
Leads,Total Number of Leads EH,2025-02-25,2025-03-03,25-02-2025 - 03-03-2025,103
Leads,Total Number of Leads PTH,2025-02-25,2025-03-03,25-02-2025 - 03-03-2025,17
Leads,Total Number of PTH calls,2025-02-25,2025-03-03,25-02-2025 - 03-03-2025,0
Sales,Hold invoices cancelled,2025-02-25,2025-03-03,25-02-2025 - 03-03-2025,0
Sales,Hold invoices cancelled,2025-02-25,2025-03-03,25-02-2025 - 03-03-2025,0
Sales,Hold invoices outstanding,2025-02-25,2025-03-03,25-02-2025 - 03-03-2025,3
Sales,Hold invoices outstanding,2025-02-25,2025-03-03,25-02-2025 - 03-03-2025,0
Sales,Hold invoices paid over 2 days,2025-02-25,2025-03-03,25-02-2025 - 03-03-2025,0
Sales,Hold invoices paid over 3 days,2025-02-25,2025-03-03,25-02-2025 - 03-03-2025,0
Sales,Hold invoices paid within 2 days,2025-02-25,2025-03-03,25-02-2025 - 03-03-2025,7
Sales,Hold invoices paid within 3 days,2025-02-25,2025-03-03,25-02-2025 - 03-03-2025,3
Sales,Hold invoices raised EH,2025-02-25,2025-03-03,25-02-2025 - 03-03-2025,10
Sales,Hold invoices raised PTH,2025-02-25,2025-03-03,25-02-2025 - 03-03-2025,3
Sales,Hold to Paid conversion EH,2025-02-25,2025-03-03,25-02-2025 - 03-03-2025,7
Sales,Hold to Paid conversion PTH,2025-02-25,2025-03-03,25-02-2025 - 03-03-2025,3
Sales,Lead to quote,2025-02-25,2025-03-03,25-02-2025 - 03-03-2025,15
Sales,Qualified Lead to Hold conversion EH,2025-02-25,2025-03-03,25-02-2025 - 03-03-2025,0.33
Sales,Qualified Lead to Hold conversion PTH,2025-02-25,2025-03-03,25-02-2025 - 03-03-2025,0.5
Leads,Alumnae EH,2025-03-04,2025-03-10,04-03-2025 - 10-03-2025,9
Leads,Alumnae PTH,2025-03-04,2025-03-10,04-03-2025 - 10-03-2025,0
Leads,Daily Average EH,2025-03-04,2025-03-10,04-03-2025 - 10-03-2025,17
Leads,Daily Average PTH,2025-03-04,2025-03-10,04-03-2025 - 10-03-2025,5
Leads,EH IG,2025-03-04,2025-03-10,04-03-2025 - 10-03-2025,0
Leads,EH Live Chat,2025-03-04,2025-03-10,04-03-2025 - 10-03-2025,0
Leads,EH Opt in pop up box,2025-03-04,2025-03-10,04-03-2025 - 10-03-2025,64
Leads,EH WhatsApp,2025-03-04,2025-03-10,04-03-2025 - 10-03-2025,26
Leads,Nuture Sequence EH,2025-03-04,2025-03-10,04-03-2025 - 10-03-2025,0
Leads,Nuture Sequence PTH,2025-03-04,2025-03-10,04-03-2025 - 10-03-2025,0
Leads,PTH IG,2025-03-04,2025-03-10,04-03-2025 - 10-03-2025,0
Leads,PTH Opt in pop up box,2025-03-04,2025-03-10,04-03-2025 - 10-03-2025,10
Leads,PTH WhatsApp,2025-03-04,2025-03-10,04-03-2025 - 10-03-2025,4
Leads,QUALIFIED LEADS EH,2025-03-04,2025-03-10,04-03-2025 - 10-03-2025,30
Leads,QUALIFIED LEADS PTH,2025-03-04,2025-03-10,04-03-2025 - 10-03-2025,8
Leads,Total Number of EH calls,2025-03-04,2025-03-10,04-03-2025 - 10-03-2025,0
Leads,Total Number of Leads EH,2025-03-04,2025-03-10,04-03-2025 - 10-03-2025,122
Leads,Total Number of Leads PTH,2025-03-04,2025-03-10,04-03-2025 - 10-03-2025,34
Leads,Total Number of PTH calls,2025-03-04,2025-03-10,04-03-2025 - 10-03-2025,0
Sales,Hold invoices cancelled,2025-03-04,2025-03-10,04-03-2025 - 10-03-2025,2
Sales,Hold invoices cancelled,2025-03-04,2025-03-10,04-03-2025 - 10-03-2025,0
Sales,Hold invoices outstanding,2025-03-04,2025-03-10,04-03-2025 - 10-03-2025,5
Sales,Hold invoices outstanding,2025-03-04,2025-03-10,04-03-2025 - 10-03-2025,0
Sales,Hold invoices paid over 2 days,2025-03-04,2025-03-10,04-03-2025 - 10-03-2025,3
Sales,Hold invoices paid over 3 days,2025-03-04,2025-03-10,04-03-2025 - 10-03-2025,0
Sales,Hold invoices paid within 2 days,2025-03-04,2025-03-10,04-03-2025 - 10-03-2025,13
Sales,Hold invoices paid within 3 days,2025-03-04,2025-03-10,04-03-2025 - 10-03-2025,0
Sales,Hold invoices raised EH,2025-03-04,2025-03-10,04-03-2025 - 10-03-2025,21
Sales,Hold invoices raised PTH,2025-03-04,2025-03-10,04-03-2025 - 10-03-2025,0
Sales,Hold to Paid conversion EH,2025-03-04,2025-03-10,04-03-2025 - 10-03-2025,16
Sales,Hold to Paid conversion PTH,2025-03-04,2025-03-10,04-03-2025 - 10-03-2025,0
Sales,Lead to quote,2025-03-04,2025-03-10,04-03-2025 - 10-03-2025,18
Sales,Qualified Lead to Hold conversion EH,2025-03-04,2025-03-10,04-03-2025 - 10-03-2025,0.7
Sales,Qualified Lead to Hold conversion PTH,2025-03-04,2025-03-10,04-03-2025 - 10-03-2025,NA
Leads,Alumnae EH,2025-03-11,2025-03-17,11-03-2025 - 17-03-2025,6
Leads,Alumnae PTH,2025-03-11,2025-03-17,11-03-2025 - 17-03-2025,1
Leads,Daily Average EH,2025-03-11,2025-03-17,11-03-2025 - 17-03-2025,19
Leads,Daily Average PTH,2025-03-11,2025-03-17,11-03-2025 - 17-03-2025,4
Leads,EH IG,2025-03-11,2025-03-17,11-03-2025 - 17-03-2025,0
Leads,EH Live Chat,2025-03-11,2025-03-17,11-03-2025 - 17-03-2025,0
Leads,EH Opt in pop up box,2025-03-11,2025-03-17,11-03-2025 - 17-03-2025,82
Leads,EH WhatsApp,2025-03-11,2025-03-17,11-03-2025 - 17-03-2025,16
Leads,Nuture Sequence EH,2025-03-11,2025-03-17,11-03-2025 - 17-03-2025,0
Leads,Nuture Sequence PTH,2025-03-11,2025-03-17,11-03-2025 - 17-03-2025,0
Leads,PTH IG,2025-03-11,2025-03-17,11-03-2025 - 17-03-2025,0
Leads,PTH Opt in pop up box,2025-03-11,2025-03-17,11-03-2025 - 17-03-2025,8
Leads,PTH WhatsApp,2025-03-11,2025-03-17,11-03-2025 - 17-03-2025,11
Leads,QUALIFIED LEADS EH,2025-03-11,2025-03-17,11-03-2025 - 17-03-2025,37
Leads,QUALIFIED LEADS PTH,2025-03-11,2025-03-17,11-03-2025 - 17-03-2025,18
Leads,Total Number of EH calls,2025-03-11,2025-03-17,11-03-2025 - 17-03-2025,0
Leads,Total Number of Leads EH,2025-03-11,2025-03-17,11-03-2025 - 17-03-2025,133
Leads,Total Number of Leads PTH,2025-03-11,2025-03-17,11-03-2025 - 17-03-2025,27
Leads,Total Number of PTH calls,2025-03-11,2025-03-17,11-03-2025 - 17-03-2025,0
Sales,Hold invoices cancelled,2025-03-11,2025-03-17,11-03-2025 - 17-03-2025,4
Sales,Hold invoices cancelled,2025-03-11,2025-03-17,11-03-2025 - 17-03-2025,0
Sales,Hold invoices outstanding,2025-03-11,2025-03-17,11-03-2025 - 17-03-2025,3
Sales,Hold invoices outstanding,2025-03-11,2025-03-17,11-03-2025 - 17-03-2025,1
Sales,Hold invoices paid over 2 days,2025-03-11,2025-03-17,11-03-2025 - 17-03-2025,0
Sales,Hold invoices paid over 3 days,2025-03-11,2025-03-17,11-03-2025 - 17-03-2025,0
Sales,Hold invoices paid within 2 days,2025-03-11,2025-03-17,11-03-2025 - 17-03-2025,14
Sales,Hold invoices paid within 3 days,2025-03-11,2025-03-17,11-03-2025 - 17-03-2025,3
Sales,Hold invoices raised EH,2025-03-11,2025-03-17,11-03-2025 - 17-03-2025,21
Sales,Hold invoices raised PTH,2025-03-11,2025-03-17,11-03-2025 - 17-03-2025,4
Sales,Hold to Paid conversion EH,2025-03-11,2025-03-17,11-03-2025 - 17-03-2025,14
Sales,Hold to Paid conversion PTH,2025-03-11,2025-03-17,11-03-2025 - 17-03-2025,4
Sales,Lead to quote,2025-03-11,2025-03-17,11-03-2025 - 17-03-2025,18
Sales,Qualified Lead to Hold conversion EH,2025-03-11,2025-03-17,11-03-2025 - 17-03-2025,0.57
Sales,Qualified Lead to Hold conversion PTH,2025-03-11,2025-03-17,11-03-2025 - 17-03-2025,0.22
Leads,Alumnae EH,2025-03-18,2025-03-24,18-03-2025 - 24-03-2025,4
Leads,Alumnae PTH,2025-03-18,2025-03-24,18-03-2025 - 24-03-2025,1
Leads,Daily Average EH,2025-03-18,2025-03-24,18-03-2025 - 24-03-2025,15
Leads,Daily Average PTH,2025-03-18,2025-03-24,18-03-2025 - 24-03-2025,3
Leads,EH IG,2025-03-18,2025-03-24,18-03-2025 - 24-03-2025,0
Leads,EH Live Chat,2025-03-18,2025-03-24,18-03-2025 - 24-03-2025,0
Leads,EH Opt in pop up box,2025-03-18,2025-03-24,18-03-2025 - 24-03-2025,59
Leads,EH WhatsApp,2025-03-18,2025-03-24,18-03-2025 - 24-03-2025,20
Leads,Nuture Sequence EH,2025-03-18,2025-03-24,18-03-2025 - 24-03-2025,0
Leads,Nuture Sequence PTH,2025-03-18,2025-03-24,18-03-2025 - 24-03-2025,0
Leads,PTH IG,2025-03-18,2025-03-24,18-03-2025 - 24-03-2025,0
Leads,PTH Opt in pop up box,2025-03-18,2025-03-24,18-03-2025 - 24-03-2025,5
Leads,PTH WhatsApp,2025-03-18,2025-03-24,18-03-2025 - 24-03-2025,6
Leads,QUALIFIED LEADS EH,2025-03-18,2025-03-24,18-03-2025 - 24-03-2025,27
Leads,QUALIFIED LEADS PTH,2025-03-18,2025-03-24,18-03-2025 - 24-03-2025,7
Leads,Total Number of EH calls,2025-03-18,2025-03-24,18-03-2025 - 24-03-2025,0
Leads,Total Number of Leads EH,2025-03-18,2025-03-24,18-03-2025 - 24-03-2025,107
Leads,Total Number of Leads PTH,2025-03-18,2025-03-24,18-03-2025 - 24-03-2025,20
Leads,Total Number of PTH calls,2025-03-18,2025-03-24,18-03-2025 - 24-03-2025,0
Sales,Hold invoices cancelled,2025-03-18,2025-03-24,18-03-2025 - 24-03-2025,0
Sales,Hold invoices cancelled,2025-03-18,2025-03-24,18-03-2025 - 24-03-2025,2
Sales,Hold invoices outstanding,2025-03-18,2025-03-24,18-03-2025 - 24-03-2025,2
Sales,Hold invoices outstanding,2025-03-18,2025-03-24,18-03-2025 - 24-03-2025,1
Sales,Hold invoices paid over 2 days,2025-03-18,2025-03-24,18-03-2025 - 24-03-2025,1
Sales,Hold invoices paid over 3 days,2025-03-18,2025-03-24,18-03-2025 - 24-03-2025,0
Sales,Hold invoices paid within 2 days,2025-03-18,2025-03-24,18-03-2025 - 24-03-2025,7
Sales,Hold invoices paid within 3 days,2025-03-18,2025-03-24,18-03-2025 - 24-03-2025,3
Sales,Hold invoices raised EH,2025-03-18,2025-03-24,18-03-2025 - 24-03-2025,10
Sales,Hold invoices raised PTH,2025-03-18,2025-03-24,18-03-2025 - 24-03-2025,4
Sales,Hold to Paid conversion EH,2025-03-18,2025-03-24,18-03-2025 - 24-03-2025,8
Sales,Hold to Paid conversion PTH,2025-03-18,2025-03-24,18-03-2025 - 24-03-2025,3
Sales,Lead to quote,2025-03-18,2025-03-24,18-03-2025 - 24-03-2025,15
Sales,Qualified Lead to Hold conversion EH,2025-03-18,2025-03-24,18-03-2025 - 24-03-2025,0.37
Sales,Qualified Lead to Hold conversion PTH,2025-03-18,2025-03-24,18-03-2025 - 24-03-2025,0.57
Leads,Alumnae EH,2025-03-25,2025-03-31,25-03-2025 - 31-03-2025,3
Leads,Alumnae PTH,2025-03-25,2025-03-31,25-03-2025 - 31-03-2025,0
Leads,Daily Average EH,2025-03-25,2025-03-31,25-03-2025 - 31-03-2025,20
Leads,Daily Average PTH,2025-03-25,2025-03-31,25-03-2025 - 31-03-2025,3
Leads,EH IG,2025-03-25,2025-03-31,25-03-2025 - 31-03-2025,0
Leads,EH Live Chat,2025-03-25,2025-03-31,25-03-2025 - 31-03-2025,0
Leads,EH Opt in pop up box,2025-03-25,2025-03-31,25-03-2025 - 31-03-2025,78
Leads,EH WhatsApp,2025-03-25,2025-03-31,25-03-2025 - 31-03-2025,21
Leads,Nuture Sequence EH,2025-03-25,2025-03-31,25-03-2025 - 31-03-2025,0
Leads,Nuture Sequence PTH,2025-03-25,2025-03-31,25-03-2025 - 31-03-2025,0
Leads,PTH IG,2025-03-25,2025-03-31,25-03-2025 - 31-03-2025,0
Leads,PTH Opt in pop up box,2025-03-25,2025-03-31,25-03-2025 - 31-03-2025,11
Leads,PTH WhatsApp,2025-03-25,2025-03-31,25-03-2025 - 31-03-2025,7
Leads,QUALIFIED LEADS EH,2025-03-25,2025-03-31,25-03-2025 - 31-03-2025,36
Leads,QUALIFIED LEADS PTH,2025-03-25,2025-03-31,25-03-2025 - 31-03-2025,10
Leads,Total Number of EH calls,2025-03-25,2025-03-31,25-03-2025 - 31-03-2025,0
Leads,Total Number of Leads EH,2025-03-25,2025-03-31,25-03-2025 - 31-03-2025,138
Leads,Total Number of Leads PTH,2025-03-25,2025-03-31,25-03-2025 - 31-03-2025,23
Leads,Total Number of PTH calls,2025-03-25,2025-03-31,25-03-2025 - 31-03-2025,1
Sales,Hold invoices cancelled,2025-03-25,2025-03-31,25-03-2025 - 31-03-2025,1
Sales,Hold invoices cancelled,2025-03-25,2025-03-31,25-03-2025 - 31-03-2025,0
Sales,Hold invoices outstanding,2025-03-25,2025-03-31,25-03-2025 - 31-03-2025,7
Sales,Hold invoices outstanding,2025-03-25,2025-03-31,25-03-2025 - 31-03-2025,1
Sales,Hold invoices paid over 2 days,2025-03-25,2025-03-31,25-03-2025 - 31-03-2025,0
Sales,Hold invoices paid over 3 days,2025-03-25,2025-03-31,25-03-2025 - 31-03-2025,0
Sales,Hold invoices paid within 2 days,2025-03-25,2025-03-31,25-03-2025 - 31-03-2025,10
Sales,Hold invoices paid within 3 days,2025-03-25,2025-03-31,25-03-2025 - 31-03-2025,6
Sales,Hold invoices raised EH,2025-03-25,2025-03-31,25-03-2025 - 31-03-2025,17
Sales,Hold invoices raised PTH,2025-03-25,2025-03-31,25-03-2025 - 31-03-2025,7
Sales,Hold to Paid conversion EH,2025-03-25,2025-03-31,25-03-2025 - 31-03-2025,10
Sales,Hold to Paid conversion PTH,2025-03-25,2025-03-31,25-03-2025 - 31-03-2025,6
Sales,Lead to quote,2025-03-25,2025-03-31,25-03-2025 - 31-03-2025,18
Sales,Qualified Lead to Hold conversion EH,2025-03-25,2025-03-31,25-03-2025 - 31-03-2025,0.47
Sales,Qualified Lead to Hold conversion PTH,2025-03-25,2025-03-31,25-03-2025 - 31-03-2025,0.7
Leads,Alumnae EH,2025-04-01,2025-04-07,01-04-2025 - 07-04-2025,8
Leads,Alumnae PTH,2025-04-01,2025-04-07,01-04-2025 - 07-04-2025,0
Leads,Daily Average EH,2025-04-01,2025-04-07,01-04-2025 - 07-04-2025,22
Leads,Daily Average PTH,2025-04-01,2025-04-07,01-04-2025 - 07-04-2025,4
Leads,EH IG,2025-04-01,2025-04-07,01-04-2025 - 07-04-2025,0
Leads,EH Live Chat,2025-04-01,2025-04-07,01-04-2025 - 07-04-2025,0
Leads,EH Opt in pop up box,2025-04-01,2025-04-07,01-04-2025 - 07-04-2025,83
Leads,EH WhatsApp,2025-04-01,2025-04-07,01-04-2025 - 07-04-2025,24
Leads,Nuture Sequence EH,2025-04-01,2025-04-07,01-04-2025 - 07-04-2025,0
Leads,Nuture Sequence PTH,2025-04-01,2025-04-07,01-04-2025 - 07-04-2025,0
Leads,PTH IG,2025-04-01,2025-04-07,01-04-2025 - 07-04-2025,0
Leads,PTH Opt in pop up box,2025-04-01,2025-04-07,01-04-2025 - 07-04-2025,10
Leads,PTH WhatsApp,2025-04-01,2025-04-07,01-04-2025 - 07-04-2025,7
Leads,QUALIFIED LEADS EH,2025-04-01,2025-04-07,01-04-2025 - 07-04-2025,30
Leads,QUALIFIED LEADS PTH,2025-04-01,2025-04-07,01-04-2025 - 07-04-2025,7
Leads,Total Number of EH calls,2025-04-01,2025-04-07,01-04-2025 - 07-04-2025,1
Leads,Total Number of Leads EH,2025-04-01,2025-04-07,01-04-2025 - 07-04-2025,153
Leads,Total Number of Leads PTH,2025-04-01,2025-04-07,01-04-2025 - 07-04-2025,26
Leads,Total Number of PTH calls,2025-04-01,2025-04-07,01-04-2025 - 07-04-2025,0
Sales,Hold invoices cancelled,2025-04-01,2025-04-07,01-04-2025 - 07-04-2025,1
Sales,Hold invoices cancelled,2025-04-01,2025-04-07,01-04-2025 - 07-04-2025,1
Sales,Hold invoices outstanding,2025-04-01,2025-04-07,01-04-2025 - 07-04-2025,5
Sales,Hold invoices outstanding,2025-04-01,2025-04-07,01-04-2025 - 07-04-2025,1
Sales,Hold invoices paid over 2 days,2025-04-01,2025-04-07,01-04-2025 - 07-04-2025,0
Sales,Hold invoices paid over 3 days,2025-04-01,2025-04-07,01-04-2025 - 07-04-2025,0
Sales,Hold invoices paid within 2 days,2025-04-01,2025-04-07,01-04-2025 - 07-04-2025,5
Sales,Hold invoices paid within 3 days,2025-04-01,2025-04-07,01-04-2025 - 07-04-2025,4
Sales,Hold invoices raised EH,2025-04-01,2025-04-07,01-04-2025 - 07-04-2025,10
Sales,Hold invoices raised PTH,2025-04-01,2025-04-07,01-04-2025 - 07-04-2025,5
Sales,Hold to Paid conversion EH,2025-04-01,2025-04-07,01-04-2025 - 07-04-2025,5
Sales,Hold to Paid conversion PTH,2025-04-01,2025-04-07,01-04-2025 - 07-04-2025,4
Sales,Lead to quote,2025-04-01,2025-04-07,01-04-2025 - 07-04-2025,14
Sales,Qualified Lead to Hold conversion EH,2025-04-01,2025-04-07,01-04-2025 - 07-04-2025,0.33
Sales,Qualified Lead to Hold conversion PTH,2025-04-01,2025-04-07,01-04-2025 - 07-04-2025,0.71
Leads,Alumnae EH,2025-04-08,2025-04-14,08-04-2025 - 14-04-2025,5
Leads,Alumnae PTH,2025-04-08,2025-04-14,08-04-2025 - 14-04-2025,2
Leads,Daily Average EH,2025-04-08,2025-04-14,08-04-2025 - 14-04-2025,19
Leads,Daily Average PTH,2025-04-08,2025-04-14,08-04-2025 - 14-04-2025,4
Leads,EH IG,2025-04-08,2025-04-14,08-04-2025 - 14-04-2025,0
Leads,EH Live Chat,2025-04-08,2025-04-14,08-04-2025 - 14-04-2025,0
Leads,EH Opt in pop up box,2025-04-08,2025-04-14,08-04-2025 - 14-04-2025,67
Leads,EH WhatsApp,2025-04-08,2025-04-14,08-04-2025 - 14-04-2025,21
Leads,Nuture Sequence EH,2025-04-08,2025-04-14,08-04-2025 - 14-04-2025,0
Leads,Nuture Sequence PTH,2025-04-08,2025-04-14,08-04-2025 - 14-04-2025,0
Leads,PTH IG,2025-04-08,2025-04-14,08-04-2025 - 14-04-2025,0
Leads,PTH Opt in pop up box,2025-04-08,2025-04-14,08-04-2025 - 14-04-2025,8
Leads,PTH WhatsApp,2025-04-08,2025-04-14,08-04-2025 - 14-04-2025,10
Leads,QUALIFIED LEADS EH,2025-04-08,2025-04-14,08-04-2025 - 14-04-2025,27
Leads,QUALIFIED LEADS PTH,2025-04-08,2025-04-14,08-04-2025 - 14-04-2025,7
Leads,Total Number of EH calls,2025-04-08,2025-04-14,08-04-2025 - 14-04-2025,1
Leads,Total Number of Leads EH,2025-04-08,2025-04-14,08-04-2025 - 14-04-2025,136
Leads,Total Number of Leads PTH,2025-04-08,2025-04-14,08-04-2025 - 14-04-2025,26
Leads,Total Number of PTH calls,2025-04-08,2025-04-14,08-04-2025 - 14-04-2025,0
Sales,Hold invoices cancelled,2025-04-08,2025-04-14,08-04-2025 - 14-04-2025,1
Sales,Hold invoices cancelled,2025-04-08,2025-04-14,08-04-2025 - 14-04-2025,0
Sales,Hold invoices outstanding,2025-04-08,2025-04-14,08-04-2025 - 14-04-2025,11
Sales,Hold invoices outstanding,2025-04-08,2025-04-14,08-04-2025 - 14-04-2025,0
Sales,Hold invoices paid over 2 days,2025-04-08,2025-04-14,08-04-2025 - 14-04-2025,3
Sales,Hold invoices paid over 3 days,2025-04-08,2025-04-14,08-04-2025 - 14-04-2025,0
Sales,Hold invoices paid within 2 days,2025-04-08,2025-04-14,08-04-2025 - 14-04-2025,15
Sales,Hold invoices paid within 3 days,2025-04-08,2025-04-14,08-04-2025 - 14-04-2025,1
Sales,Hold invoices raised EH,2025-04-08,2025-04-14,08-04-2025 - 14-04-2025,29
Sales,Hold invoices raised PTH,2025-04-08,2025-04-14,08-04-2025 - 14-04-2025,1
Sales,Hold to Paid conversion EH,2025-04-08,2025-04-14,08-04-2025 - 14-04-2025,18
Sales,Hold to Paid conversion PTH,2025-04-08,2025-04-14,08-04-2025 - 14-04-2025,1
Sales,Lead to quote,2025-04-08,2025-04-14,08-04-2025 - 14-04-2025,14
Sales,Qualified Lead to Hold conversion EH,2025-04-08,2025-04-14,08-04-2025 - 14-04-2025,1.07
Sales,Qualified Lead to Hold conversion PTH,2025-04-08,2025-04-14,08-04-2025 - 14-04-2025,0.14
Leads,Alumnae EH,2025-04-15,2025-04-21,15-04-2025 - 21-04-2025,4
Leads,Alumnae PTH,2025-04-15,2025-04-21,15-04-2025 - 21-04-2025,1
Leads,Daily Average EH,2025-04-15,2025-04-21,15-04-2025 - 21-04-2025,19
Leads,Daily Average PTH,2025-04-15,2025-04-21,15-04-2025 - 21-04-2025,3
Leads,EH IG,2025-04-15,2025-04-21,15-04-2025 - 21-04-2025,0
Leads,EH Live Chat,2025-04-15,2025-04-21,15-04-2025 - 21-04-2025,0
Leads,EH Opt in pop up box,2025-04-15,2025-04-21,15-04-2025 - 21-04-2025,64
Leads,EH WhatsApp,2025-04-15,2025-04-21,15-04-2025 - 21-04-2025,18
Leads,Nuture Sequence EH,2025-04-15,2025-04-21,15-04-2025 - 21-04-2025,0
Leads,Nuture Sequence PTH,2025-04-15,2025-04-21,15-04-2025 - 21-04-2025,0
Leads,PTH IG,2025-04-15,2025-04-21,15-04-2025 - 21-04-2025,0
Leads,PTH Opt in pop up box,2025-04-15,2025-04-21,15-04-2025 - 21-04-2025,5
Leads,PTH WhatsApp,2025-04-15,2025-04-21,15-04-2025 - 21-04-2025,10
Leads,QUALIFIED LEADS EH,2025-04-15,2025-04-21,15-04-2025 - 21-04-2025,40
Leads,QUALIFIED LEADS PTH,2025-04-15,2025-04-21,15-04-2025 - 21-04-2025,11
Leads,Total Number of EH calls,2025-04-15,2025-04-21,15-04-2025 - 21-04-2025,0
Leads,Total Number of Leads EH,2025-04-15,2025-04-21,15-04-2025 - 21-04-2025,131
Leads,Total Number of Leads PTH,2025-04-15,2025-04-21,15-04-2025 - 21-04-2025,19
Leads,Total Number of PTH calls,2025-04-15,2025-04-21,15-04-2025 - 21-04-2025,0
Sales,Hold invoices cancelled,2025-04-15,2025-04-21,15-04-2025 - 21-04-2025,1
Sales,Hold invoices cancelled,2025-04-15,2025-04-21,15-04-2025 - 21-04-2025,0
Sales,Hold invoices outstanding,2025-04-15,2025-04-21,15-04-2025 - 21-04-2025,5
Sales,Hold invoices outstanding,2025-04-15,2025-04-21,15-04-2025 - 21-04-2025,0
Sales,Hold invoices paid over 2 days,2025-04-15,2025-04-21,15-04-2025 - 21-04-2025,1
Sales,Hold invoices paid over 3 days,2025-04-15,2025-04-21,15-04-2025 - 21-04-2025,0
Sales,Hold invoices paid within 2 days,2025-04-15,2025-04-21,15-04-2025 - 21-04-2025,10
Sales,Hold invoices paid within 3 days,2025-04-15,2025-04-21,15-04-2025 - 21-04-2025,3
Sales,Hold invoices raised EH,2025-04-15,2025-04-21,15-04-2025 - 21-04-2025,17
Sales,Hold invoices raised PTH,2025-04-15,2025-04-21,15-04-2025 - 21-04-2025,3
Sales,Hold to Paid conversion EH,2025-04-15,2025-04-21,15-04-2025 - 21-04-2025,11
Sales,Hold to Paid conversion PTH,2025-04-15,2025-04-21,15-04-2025 - 21-04-2025,3
Sales,Lead to quote,2025-04-15,2025-04-21,15-04-2025 - 21-04-2025,11
Sales,Qualified Lead to Hold conversion EH,2025-04-15,2025-04-21,15-04-2025 - 21-04-2025,0.43
Sales,Qualified Lead to Hold conversion PTH,2025-04-15,2025-04-21,15-04-2025 - 21-04-2025,0.27
Leads,Alumnae EH,2025-04-22,2025-04-28,22-04-2025 - 28-04-2025,6
Leads,Alumnae PTH,2025-04-22,2025-04-28,22-04-2025 - 28-04-2025,1
Leads,Daily Average EH,2025-04-22,2025-04-28,22-04-2025 - 28-04-2025,17
Leads,Daily Average PTH,2025-04-22,2025-04-28,22-04-2025 - 28-04-2025,3
Leads,EH IG,2025-04-22,2025-04-28,22-04-2025 - 28-04-2025,0
Leads,EH Live Chat,2025-04-22,2025-04-28,22-04-2025 - 28-04-2025,0
Leads,EH Opt in pop up box,2025-04-22,2025-04-28,22-04-2025 - 28-04-2025,54
Leads,EH WhatsApp,2025-04-22,2025-04-28,22-04-2025 - 28-04-2025,48
Leads,Nuture Sequence EH,2025-04-22,2025-04-28,22-04-2025 - 28-04-2025,0
Leads,Nuture Sequence PTH,2025-04-22,2025-04-28,22-04-2025 - 28-04-2025,0
Leads,PTH IG,2025-04-22,2025-04-28,22-04-2025 - 28-04-2025,0
Leads,PTH Opt in pop up box,2025-04-22,2025-04-28,22-04-2025 - 28-04-2025,9
Leads,PTH WhatsApp,2025-04-22,2025-04-28,22-04-2025 - 28-04-2025,5
Leads,QUALIFIED LEADS EH,2025-04-22,2025-04-28,22-04-2025 - 28-04-2025,51
Leads,QUALIFIED LEADS PTH,2025-04-22,2025-04-28,22-04-2025 - 28-04-2025,7
Leads,Total Number of EH calls,2025-04-22,2025-04-28,22-04-2025 - 28-04-2025,1
Leads,Total Number of Leads EH,2025-04-22,2025-04-28,22-04-2025 - 28-04-2025,121
Leads,Total Number of Leads PTH,2025-04-22,2025-04-28,22-04-2025 - 28-04-2025,24
Leads,Total Number of PTH calls,2025-04-22,2025-04-28,22-04-2025 - 28-04-2025,0
Sales,Hold invoices cancelled,2025-04-22,2025-04-28,22-04-2025 - 28-04-2025,2
Sales,Hold invoices cancelled,2025-04-22,2025-04-28,22-04-2025 - 28-04-2025,NA
Sales,Hold invoices outstanding,2025-04-22,2025-04-28,22-04-2025 - 28-04-2025,5
Sales,Hold invoices outstanding,2025-04-22,2025-04-28,22-04-2025 - 28-04-2025,0
Sales,Hold invoices paid over 2 days,2025-04-22,2025-04-28,22-04-2025 - 28-04-2025,0
Sales,Hold invoices paid over 3 days,2025-04-22,2025-04-28,22-04-2025 - 28-04-2025,0
Sales,Hold invoices paid within 2 days,2025-04-22,2025-04-28,22-04-2025 - 28-04-2025,16
Sales,Hold invoices paid within 3 days,2025-04-22,2025-04-28,22-04-2025 - 28-04-2025,4
Sales,Hold invoices raised EH,2025-04-22,2025-04-28,22-04-2025 - 28-04-2025,21
Sales,Hold invoices raised PTH,2025-04-22,2025-04-28,22-04-2025 - 28-04-2025,4
Sales,Hold to Paid conversion EH,2025-04-22,2025-04-28,22-04-2025 - 28-04-2025,16
Sales,Hold to Paid conversion PTH,2025-04-22,2025-04-28,22-04-2025 - 28-04-2025,4
Sales,Lead to quote,2025-04-22,2025-04-28,22-04-2025 - 28-04-2025,27
Sales,Qualified Lead to Hold conversion EH,2025-04-22,2025-04-28,22-04-2025 - 28-04-2025,0.41
Sales,Qualified Lead to Hold conversion PTH,2025-04-22,2025-04-28,22-04-2025 - 28-04-2025,0.57
Leads,Alumnae EH,2025-04-29,2025-05-05,29-04-2025 - 05-05-2025,2
Leads,Alumnae PTH,2025-04-29,2025-05-05,29-04-2025 - 05-05-2025,0
Leads,Daily Average EH,2025-04-29,2025-05-05,29-04-2025 - 05-05-2025,12
Leads,Daily Average PTH,2025-04-29,2025-05-05,29-04-2025 - 05-05-2025,3
Leads,EH IG,2025-04-29,2025-05-05,29-04-2025 - 05-05-2025,0
Leads,EH Live Chat,2025-04-29,2025-05-05,29-04-2025 - 05-05-2025,0
Leads,EH Opt in pop up box,2025-04-29,2025-05-05,29-04-2025 - 05-05-2025,39
Leads,EH WhatsApp,2025-04-29,2025-05-05,29-04-2025 - 05-05-2025,21
Leads,Nuture Sequence EH,2025-04-29,2025-05-05,29-04-2025 - 05-05-2025,0
Leads,Nuture Sequence PTH,2025-04-29,2025-05-05,29-04-2025 - 05-05-2025,0
Leads,PTH IG,2025-04-29,2025-05-05,29-04-2025 - 05-05-2025,0
Leads,PTH Opt in pop up box,2025-04-29,2025-05-05,29-04-2025 - 05-05-2025,6
Leads,PTH WhatsApp,2025-04-29,2025-05-05,29-04-2025 - 05-05-2025,5
Leads,QUALIFIED LEADS EH,2025-04-29,2025-05-05,29-04-2025 - 05-05-2025,31
Leads,QUALIFIED LEADS PTH,2025-04-29,2025-05-05,29-04-2025 - 05-05-2025,6
Leads,Total Number of EH calls,2025-04-29,2025-05-05,29-04-2025 - 05-05-2025,1
Leads,Total Number of Leads EH,2025-04-29,2025-05-05,29-04-2025 - 05-05-2025,85
Leads,Total Number of Leads PTH,2025-04-29,2025-05-05,29-04-2025 - 05-05-2025,19
Leads,Total Number of PTH calls,2025-04-29,2025-05-05,29-04-2025 - 05-05-2025,0
Sales,Hold invoices cancelled,2025-04-29,2025-05-05,29-04-2025 - 05-05-2025,2
Sales,Hold invoices cancelled,2025-04-29,2025-05-05,29-04-2025 - 05-05-2025,0
Sales,Hold invoices outstanding,2025-04-29,2025-05-05,29-04-2025 - 05-05-2025,5
Sales,Hold invoices outstanding,2025-04-29,2025-05-05,29-04-2025 - 05-05-2025,0
Sales,Hold invoices paid over 2 days,2025-04-29,2025-05-05,29-04-2025 - 05-05-2025,1
Sales,Hold invoices paid over 3 days,2025-04-29,2025-05-05,29-04-2025 - 05-05-2025,0
Sales,Hold invoices paid within 2 days,2025-04-29,2025-05-05,29-04-2025 - 05-05-2025,13
Sales,Hold invoices paid within 3 days,2025-04-29,2025-05-05,29-04-2025 - 05-05-2025,3
Sales,Hold invoices raised EH,2025-04-29,2025-05-05,29-04-2025 - 05-05-2025,19
Sales,Hold invoices raised PTH,2025-04-29,2025-05-05,29-04-2025 - 05-05-2025,3
Sales,Hold to Paid conversion EH,2025-04-29,2025-05-05,29-04-2025 - 05-05-2025,14
Sales,Hold to Paid conversion PTH,2025-04-29,2025-05-05,29-04-2025 - 05-05-2025,3
Sales,Lead to quote,2025-04-29,2025-05-05,29-04-2025 - 05-05-2025,25
Sales,Qualified Lead to Hold conversion EH,2025-04-29,2025-05-05,29-04-2025 - 05-05-2025,0.61
Sales,Qualified Lead to Hold conversion PTH,2025-04-29,2025-05-05,29-04-2025 - 05-05-2025,0.5
Leads,Alumnae EH,2025-05-06,2025-05-12,06-05-2025 - 12-05-2025,3
Leads,Alumnae PTH,2025-05-06,2025-05-12,06-05-2025 - 12-05-2025,1
Leads,Daily Average EH,2025-05-06,2025-05-12,06-05-2025 - 12-05-2025,14
Leads,Daily Average PTH,2025-05-06,2025-05-12,06-05-2025 - 12-05-2025,3
Leads,EH IG,2025-05-06,2025-05-12,06-05-2025 - 12-05-2025,0
Leads,EH Live Chat,2025-05-06,2025-05-12,06-05-2025 - 12-05-2025,0
Leads,EH Opt in pop up box,2025-05-06,2025-05-12,06-05-2025 - 12-05-2025,38
Leads,EH WhatsApp,2025-05-06,2025-05-12,06-05-2025 - 12-05-2025,44
Leads,Nuture Sequence EH,2025-05-06,2025-05-12,06-05-2025 - 12-05-2025,0
Leads,Nuture Sequence PTH,2025-05-06,2025-05-12,06-05-2025 - 12-05-2025,0
Leads,PTH IG,2025-05-06,2025-05-12,06-05-2025 - 12-05-2025,0
Leads,PTH Opt in pop up box,2025-05-06,2025-05-12,06-05-2025 - 12-05-2025,3
Leads,PTH WhatsApp,2025-05-06,2025-05-12,06-05-2025 - 12-05-2025,8
Leads,QUALIFIED LEADS EH,2025-05-06,2025-05-12,06-05-2025 - 12-05-2025,34
Leads,QUALIFIED LEADS PTH,2025-05-06,2025-05-12,06-05-2025 - 12-05-2025,10
Leads,Total Number of EH calls,2025-05-06,2025-05-12,06-05-2025 - 12-05-2025,1
Leads,Total Number of Leads EH,2025-05-06,2025-05-12,06-05-2025 - 12-05-2025,100
Leads,Total Number of Leads PTH,2025-05-06,2025-05-12,06-05-2025 - 12-05-2025,18
Leads,Total Number of PTH calls,2025-05-06,2025-05-12,06-05-2025 - 12-05-2025,0
Sales,Hold invoices cancelled,2025-05-06,2025-05-12,06-05-2025 - 12-05-2025,1
Sales,Hold invoices cancelled,2025-05-06,2025-05-12,06-05-2025 - 12-05-2025,1
Sales,Hold invoices outstanding,2025-05-06,2025-05-12,06-05-2025 - 12-05-2025,3
Sales,Hold invoices outstanding,2025-05-06,2025-05-12,06-05-2025 - 12-05-2025,1
Sales,Hold invoices paid over 2 days,2025-05-06,2025-05-12,06-05-2025 - 12-05-2025,1
Sales,Hold invoices paid over 3 days,2025-05-06,2025-05-12,06-05-2025 - 12-05-2025,0
Sales,Hold invoices paid within 2 days,2025-05-06,2025-05-12,06-05-2025 - 12-05-2025,10
Sales,Hold invoices paid within 3 days,2025-05-06,2025-05-12,06-05-2025 - 12-05-2025,4
Sales,Hold invoices raised EH,2025-05-06,2025-05-12,06-05-2025 - 12-05-2025,15
Sales,Hold invoices raised PTH,2025-05-06,2025-05-12,06-05-2025 - 12-05-2025,6
Sales,Hold to Paid conversion EH,2025-05-06,2025-05-12,06-05-2025 - 12-05-2025,11
Sales,Hold to Paid conversion PTH,2025-05-06,2025-05-12,06-05-2025 - 12-05-2025,4
Sales,Lead to quote,2025-05-06,2025-05-12,06-05-2025 - 12-05-2025,25
Sales,Qualified Lead to Hold conversion EH,2025-05-06,2025-05-12,06-05-2025 - 12-05-2025,0.44
Sales,Qualified Lead to Hold conversion PTH,2025-05-06,2025-05-12,06-05-2025 - 12-05-2025,0.6
Leads,Alumnae EH,2025-05-13,2025-05-19,13-05-2025 - 19-05-2025,2
Leads,Alumnae PTH,2025-05-13,2025-05-19,13-05-2025 - 19-05-2025,0
Leads,Daily Average EH,2025-05-13,2025-05-19,13-05-2025 - 19-05-2025,16
Leads,Daily Average PTH,2025-05-13,2025-05-19,13-05-2025 - 19-05-2025,5
Leads,EH IG,2025-05-13,2025-05-19,13-05-2025 - 19-05-2025,12
Leads,EH Live Chat,2025-05-13,2025-05-19,13-05-2025 - 19-05-2025,0
Leads,EH Opt in pop up box,2025-05-13,2025-05-19,13-05-2025 - 19-05-2025,63
Leads,EH WhatsApp,2025-05-13,2025-05-19,13-05-2025 - 19-05-2025,16
Leads,Nuture Sequence EH,2025-05-13,2025-05-19,13-05-2025 - 19-05-2025,0
Leads,Nuture Sequence PTH,2025-05-13,2025-05-19,13-05-2025 - 19-05-2025,0
Leads,PTH IG,2025-05-13,2025-05-19,13-05-2025 - 19-05-2025,0
Leads,PTH Opt in pop up box,2025-05-13,2025-05-19,13-05-2025 - 19-05-2025,22
Leads,PTH WhatsApp,2025-05-13,2025-05-19,13-05-2025 - 19-05-2025,6
Leads,QUALIFIED LEADS EH,2025-05-13,2025-05-19,13-05-2025 - 19-05-2025,27
Leads,QUALIFIED LEADS PTH,2025-05-13,2025-05-19,13-05-2025 - 19-05-2025,9
Leads,Total Number of EH calls,2025-05-13,2025-05-19,13-05-2025 - 19-05-2025,1
Leads,Total Number of Leads EH,2025-05-13,2025-05-19,13-05-2025 - 19-05-2025,111
Leads,Total Number of Leads PTH,2025-05-13,2025-05-19,13-05-2025 - 19-05-2025,36
Leads,Total Number of PTH calls,2025-05-13,2025-05-19,13-05-2025 - 19-05-2025,0
Sales,Hold invoices cancelled,2025-05-13,2025-05-19,13-05-2025 - 19-05-2025,1
Sales,Hold invoices cancelled,2025-05-13,2025-05-19,13-05-2025 - 19-05-2025,2
Sales,Hold invoices outstanding,2025-05-13,2025-05-19,13-05-2025 - 19-05-2025,5
Sales,Hold invoices outstanding,2025-05-13,2025-05-19,13-05-2025 - 19-05-2025,1
Sales,Hold invoices paid over 2 days,2025-05-13,2025-05-19,13-05-2025 - 19-05-2025,0
Sales,Hold invoices paid over 3 days,2025-05-13,2025-05-19,13-05-2025 - 19-05-2025,0
Sales,Hold invoices paid within 2 days,2025-05-13,2025-05-19,13-05-2025 - 19-05-2025,9
Sales,Hold invoices paid within 3 days,2025-05-13,2025-05-19,13-05-2025 - 19-05-2025,2
Sales,Hold invoices raised EH,2025-05-13,2025-05-19,13-05-2025 - 19-05-2025,14
Sales,Hold invoices raised PTH,2025-05-13,2025-05-19,13-05-2025 - 19-05-2025,3
Sales,Hold to Paid conversion EH,2025-05-13,2025-05-19,13-05-2025 - 19-05-2025,9
Sales,Hold to Paid conversion PTH,2025-05-13,2025-05-19,13-05-2025 - 19-05-2025,2
Sales,Lead to quote,2025-05-13,2025-05-19,13-05-2025 - 19-05-2025,16
Sales,Qualified Lead to Hold conversion EH,2025-05-13,2025-05-19,13-05-2025 - 19-05-2025,0.52
Sales,Qualified Lead to Hold conversion PTH,2025-05-13,2025-05-19,13-05-2025 - 19-05-2025,0.33
Leads,Alumnae EH,2025-05-20,2025-05-26,20-05-2025 - 26-05-2025,6
Leads,Alumnae PTH,2025-05-20,2025-05-26,20-05-2025 - 26-05-2025,0
Leads,Daily Average EH,2025-05-20,2025-05-26,20-05-2025 - 26-05-2025,16
Leads,Daily Average PTH,2025-05-20,2025-05-26,20-05-2025 - 26-05-2025,3
Leads,EH IG,2025-05-20,2025-05-26,20-05-2025 - 26-05-2025,8
Leads,EH Live Chat,2025-05-20,2025-05-26,20-05-2025 - 26-05-2025,0
Leads,EH Opt in pop up box,2025-05-20,2025-05-26,20-05-2025 - 26-05-2025,46
Leads,EH WhatsApp,2025-05-20,2025-05-26,20-05-2025 - 26-05-2025,37
Leads,Nuture Sequence EH,2025-05-20,2025-05-26,20-05-2025 - 26-05-2025,0
Leads,Nuture Sequence PTH,2025-05-20,2025-05-26,20-05-2025 - 26-05-2025,0
Leads,PTH IG,2025-05-20,2025-05-26,20-05-2025 - 26-05-2025,0
Leads,PTH Opt in pop up box,2025-05-20,2025-05-26,20-05-2025 - 26-05-2025,9
Leads,PTH WhatsApp,2025-05-20,2025-05-26,20-05-2025 - 26-05-2025,6
Leads,QUALIFIED LEADS EH,2025-05-20,2025-05-26,20-05-2025 - 26-05-2025,43
Leads,QUALIFIED LEADS PTH,2025-05-20,2025-05-26,20-05-2025 - 26-05-2025,6
Leads,Total Number of EH calls,2025-05-20,2025-05-26,20-05-2025 - 26-05-2025,1
Leads,Total Number of Leads EH,2025-05-20,2025-05-26,20-05-2025 - 26-05-2025,110
Leads,Total Number of Leads PTH,2025-05-20,2025-05-26,20-05-2025 - 26-05-2025,19
Leads,Total Number of PTH calls,2025-05-20,2025-05-26,20-05-2025 - 26-05-2025,0
Sales,Hold invoices cancelled,2025-05-20,2025-05-26,20-05-2025 - 26-05-2025,3
Sales,Hold invoices cancelled,2025-05-20,2025-05-26,20-05-2025 - 26-05-2025,1
Sales,Hold invoices outstanding,2025-05-20,2025-05-26,20-05-2025 - 26-05-2025,4
Sales,Hold invoices outstanding,2025-05-20,2025-05-26,20-05-2025 - 26-05-2025,0
Sales,Hold invoices paid over 2 days,2025-05-20,2025-05-26,20-05-2025 - 26-05-2025,0
Sales,Hold invoices paid over 3 days,2025-05-20,2025-05-26,20-05-2025 - 26-05-2025,2
Sales,Hold invoices paid within 2 days,2025-05-20,2025-05-26,20-05-2025 - 26-05-2025,8
Sales,Hold invoices paid within 3 days,2025-05-20,2025-05-26,20-05-2025 - 26-05-2025,0
Sales,Hold invoices raised EH,2025-05-20,2025-05-26,20-05-2025 - 26-05-2025,12
Sales,Hold invoices raised PTH,2025-05-20,2025-05-26,20-05-2025 - 26-05-2025,2
Sales,Hold to Paid conversion EH,2025-05-20,2025-05-26,20-05-2025 - 26-05-2025,8
Sales,Hold to Paid conversion PTH,2025-05-20,2025-05-26,20-05-2025 - 26-05-2025,2
Sales,Lead to quote,2025-05-20,2025-05-26,20-05-2025 - 26-05-2025,17
Sales,Qualified Lead to Hold conversion EH,2025-05-20,2025-05-26,20-05-2025 - 26-05-2025,0.28
Sales,Qualified Lead to Hold conversion PTH,2025-05-20,2025-05-26,20-05-2025 - 26-05-2025,0.33
Leads,Alumnae EH,2025-05-27,2025-06-02,27-05-2025 - 02-06-2025,4
Leads,Alumnae PTH,2025-05-27,2025-06-02,27-05-2025 - 02-06-2025,2
Leads,Daily Average EH,2025-05-27,2025-06-02,27-05-2025 - 02-06-2025,20
Leads,Daily Average PTH,2025-05-27,2025-06-02,27-05-2025 - 02-06-2025,6
Leads,EH IG,2025-05-27,2025-06-02,27-05-2025 - 02-06-2025,2
Leads,EH Live Chat,2025-05-27,2025-06-02,27-05-2025 - 02-06-2025,1
Leads,EH Opt in pop up box,2025-05-27,2025-06-02,27-05-2025 - 02-06-2025,63
Leads,EH WhatsApp,2025-05-27,2025-06-02,27-05-2025 - 02-06-2025,33
Leads,Nuture Sequence EH,2025-05-27,2025-06-02,27-05-2025 - 02-06-2025,1
Leads,Nuture Sequence PTH,2025-05-27,2025-06-02,27-05-2025 - 02-06-2025,0
Leads,PTH IG,2025-05-27,2025-06-02,27-05-2025 - 02-06-2025,0
Leads,PTH Opt in pop up box,2025-05-27,2025-06-02,27-05-2025 - 02-06-2025,11
Leads,PTH WhatsApp,2025-05-27,2025-06-02,27-05-2025 - 02-06-2025,4
Leads,QUALIFIED LEADS EH,2025-05-27,2025-06-02,27-05-2025 - 02-06-2025,45
Leads,QUALIFIED LEADS PTH,2025-05-27,2025-06-02,27-05-2025 - 02-06-2025,5
Leads,Total Number of EH calls,2025-05-27,2025-06-02,27-05-2025 - 02-06-2025,2
Leads,Total Number of Leads EH,2025-05-27,2025-06-02,27-05-2025 - 02-06-2025,139
Leads,Total Number of Leads PTH,2025-05-27,2025-06-02,27-05-2025 - 02-06-2025,20
Leads,Total Number of PTH calls,2025-05-27,2025-06-02,27-05-2025 - 02-06-2025,0
Sales,Hold invoices cancelled,2025-05-27,2025-06-02,27-05-2025 - 02-06-2025,1
Sales,Hold invoices cancelled,2025-05-27,2025-06-02,27-05-2025 - 02-06-2025,0
Sales,Hold invoices outstanding,2025-05-27,2025-06-02,27-05-2025 - 02-06-2025,6
Sales,Hold invoices outstanding,2025-05-27,2025-06-02,27-05-2025 - 02-06-2025,2
Sales,Hold invoices paid over 2 days,2025-05-27,2025-06-02,27-05-2025 - 02-06-2025,2
Sales,Hold invoices paid over 3 days,2025-05-27,2025-06-02,27-05-2025 - 02-06-2025,0
Sales,Hold invoices paid within 2 days,2025-05-27,2025-06-02,27-05-2025 - 02-06-2025,15
Sales,Hold invoices paid within 3 days,2025-05-27,2025-06-02,27-05-2025 - 02-06-2025,1
Sales,Hold invoices raised EH,2025-05-27,2025-06-02,27-05-2025 - 02-06-2025,23
Sales,Hold invoices raised PTH,2025-05-27,2025-06-02,27-05-2025 - 02-06-2025,3
Sales,Hold to Paid conversion EH,2025-05-27,2025-06-02,27-05-2025 - 02-06-2025,17
Sales,Hold to Paid conversion PTH,2025-05-27,2025-06-02,27-05-2025 - 02-06-2025,1
Sales,Lead to quote,2025-05-27,2025-06-02,27-05-2025 - 02-06-2025,34
Sales,Qualified Lead to Hold conversion EH,2025-05-27,2025-06-02,27-05-2025 - 02-06-2025,0.51
Sales,Qualified Lead to Hold conversion PTH,2025-05-27,2025-06-02,27-05-2025 - 02-06-2025,0.6
Leads,Alumnae EH,2025-06-03,2025-06-09,03-06-2025 - 09-06-2025,5
Leads,Alumnae PTH,2025-06-03,2025-06-09,03-06-2025 - 09-06-2025,0
Leads,Daily Average EH,2025-06-03,2025-06-09,03-06-2025 - 09-06-2025,16
Leads,Daily Average PTH,2025-06-03,2025-06-09,03-06-2025 - 09-06-2025,5
Leads,EH IG,2025-06-03,2025-06-09,03-06-2025 - 09-06-2025,2
Leads,EH Live Chat,2025-06-03,2025-06-09,03-06-2025 - 09-06-2025,8
Leads,EH Opt in pop up box,2025-06-03,2025-06-09,03-06-2025 - 09-06-2025,54
Leads,EH WhatsApp,2025-06-03,2025-06-09,03-06-2025 - 09-06-2025,24
Leads,Nuture Sequence EH,2025-06-03,2025-06-09,03-06-2025 - 09-06-2025,0
Leads,Nuture Sequence PTH,2025-06-03,2025-06-09,03-06-2025 - 09-06-2025,0
Leads,PTH IG,2025-06-03,2025-06-09,03-06-2025 - 09-06-2025,0
Leads,PTH Opt in pop up box,2025-06-03,2025-06-09,03-06-2025 - 09-06-2025,7
Leads,PTH WhatsApp,2025-06-03,2025-06-09,03-06-2025 - 09-06-2025,3
Leads,QUALIFIED LEADS EH,2025-06-03,2025-06-09,03-06-2025 - 09-06-2025,38
Leads,QUALIFIED LEADS PTH,2025-06-03,2025-06-09,03-06-2025 - 09-06-2025,6
Leads,Total Number of EH calls,2025-06-03,2025-06-09,03-06-2025 - 09-06-2025,1
Leads,Total Number of Leads EH,2025-06-03,2025-06-09,03-06-2025 - 09-06-2025,115
Leads,Total Number of Leads PTH,2025-06-03,2025-06-09,03-06-2025 - 09-06-2025,12
Leads,Total Number of PTH calls,2025-06-03,2025-06-09,03-06-2025 - 09-06-2025,0
Sales,Hold invoices cancelled,2025-06-03,2025-06-09,03-06-2025 - 09-06-2025,1
Sales,Hold invoices cancelled,2025-06-03,2025-06-09,03-06-2025 - 09-06-2025,0
Sales,Hold invoices outstanding,2025-06-03,2025-06-09,03-06-2025 - 09-06-2025,3
Sales,Hold invoices outstanding,2025-06-03,2025-06-09,03-06-2025 - 09-06-2025,11
Sales,Hold invoices paid over 2 days,2025-06-03,2025-06-09,03-06-2025 - 09-06-2025,1
Sales,Hold invoices paid over 3 days,2025-06-03,2025-06-09,03-06-2025 - 09-06-2025,0
Sales,Hold invoices paid within 2 days,2025-06-03,2025-06-09,03-06-2025 - 09-06-2025,17
Sales,Hold invoices paid within 3 days,2025-06-03,2025-06-09,03-06-2025 - 09-06-2025,2
Sales,Hold invoices raised EH,2025-06-03,2025-06-09,03-06-2025 - 09-06-2025,21
Sales,Hold invoices raised PTH,2025-06-03,2025-06-09,03-06-2025 - 09-06-2025,13
Sales,Hold to Paid conversion EH,2025-06-03,2025-06-09,03-06-2025 - 09-06-2025,18
Sales,Hold to Paid conversion PTH,2025-06-03,2025-06-09,03-06-2025 - 09-06-2025,2
Sales,Lead to quote,2025-06-03,2025-06-09,03-06-2025 - 09-06-2025,21
Sales,Qualified Lead to Hold conversion EH,2025-06-03,2025-06-09,03-06-2025 - 09-06-2025,0.55
Sales,Qualified Lead to Hold conversion PTH,2025-06-03,2025-06-09,03-06-2025 - 09-06-2025,2.17
Leads,Alumnae EH,2025-06-10,2025-06-16,10-06-2025 - 16-06-2025,5
Leads,Alumnae PTH,2025-06-10,2025-06-16,10-06-2025 - 16-06-2025,1
Leads,Daily Average EH,2025-06-10,2025-06-16,10-06-2025 - 16-06-2025,12
Leads,Daily Average PTH,2025-06-10,2025-06-16,10-06-2025 - 16-06-2025,4
Leads,EH IG,2025-06-10,2025-06-16,10-06-2025 - 16-06-2025,8
Leads,EH Live Chat,2025-06-10,2025-06-16,10-06-2025 - 16-06-2025,2
Leads,EH Opt in pop up box,2025-06-10,2025-06-16,10-06-2025 - 16-06-2025,31
Leads,EH WhatsApp,2025-06-10,2025-06-16,10-06-2025 - 16-06-2025,17
Leads,Nuture Sequence EH,2025-06-10,2025-06-16,10-06-2025 - 16-06-2025,0
Leads,Nuture Sequence PTH,2025-06-10,2025-06-16,10-06-2025 - 16-06-2025,0
Leads,PTH IG,2025-06-10,2025-06-16,10-06-2025 - 16-06-2025,1
Leads,PTH Opt in pop up box,2025-06-10,2025-06-16,10-06-2025 - 16-06-2025,3
Leads,PTH WhatsApp,2025-06-10,2025-06-16,10-06-2025 - 16-06-2025,5
Leads,QUALIFIED LEADS EH,2025-06-10,2025-06-16,10-06-2025 - 16-06-2025,27
Leads,QUALIFIED LEADS PTH,2025-06-10,2025-06-16,10-06-2025 - 16-06-2025,7
Leads,Total Number of EH calls,2025-06-10,2025-06-16,10-06-2025 - 16-06-2025,1
Leads,Total Number of Leads EH,2025-06-10,2025-06-16,10-06-2025 - 16-06-2025,83
Leads,Total Number of Leads PTH,2025-06-10,2025-06-16,10-06-2025 - 16-06-2025,13
Leads,Total Number of PTH calls,2025-06-10,2025-06-16,10-06-2025 - 16-06-2025,0
Sales,Hold invoices cancelled,2025-06-10,2025-06-16,10-06-2025 - 16-06-2025,1
Sales,Hold invoices cancelled,2025-06-10,2025-06-16,10-06-2025 - 16-06-2025,1
Sales,Hold invoices outstanding,2025-06-10,2025-06-16,10-06-2025 - 16-06-2025,2
Sales,Hold invoices outstanding,2025-06-10,2025-06-16,10-06-2025 - 16-06-2025,0
Sales,Hold invoices paid over 2 days,2025-06-10,2025-06-16,10-06-2025 - 16-06-2025,0
Sales,Hold invoices paid over 3 days,2025-06-10,2025-06-16,10-06-2025 - 16-06-2025,0
Sales,Hold invoices paid within 2 days,2025-06-10,2025-06-16,10-06-2025 - 16-06-2025,12
Sales,Hold invoices paid within 3 days,2025-06-10,2025-06-16,10-06-2025 - 16-06-2025,1
Sales,Hold invoices raised EH,2025-06-10,2025-06-16,10-06-2025 - 16-06-2025,14
Sales,Hold invoices raised PTH,2025-06-10,2025-06-16,10-06-2025 - 16-06-2025,1
Sales,Hold to Paid conversion EH,2025-06-10,2025-06-16,10-06-2025 - 16-06-2025,12
Sales,Hold to Paid conversion PTH,2025-06-10,2025-06-16,10-06-2025 - 16-06-2025,1
Sales,Lead to quote,2025-06-10,2025-06-16,10-06-2025 - 16-06-2025,21
Sales,Qualified Lead to Hold conversion EH,2025-06-10,2025-06-16,10-06-2025 - 16-06-2025,0.52
Sales,Qualified Lead to Hold conversion PTH,2025-06-10,2025-06-16,10-06-2025 - 16-06-2025,0.14
Leads,Alumnae EH,2025-06-17,2025-06-23,17-06-2025 - 23-06-2025,10
Leads,Alumnae PTH,2025-06-17,2025-06-23,17-06-2025 - 23-06-2025,4
Leads,Daily Average EH,2025-06-17,2025-06-23,17-06-2025 - 23-06-2025,16
Leads,Daily Average PTH,2025-06-17,2025-06-23,17-06-2025 - 23-06-2025,5
Leads,EH IG,2025-06-17,2025-06-23,17-06-2025 - 23-06-2025,12
Leads,EH Live Chat,2025-06-17,2025-06-23,17-06-2025 - 23-06-2025,8
Leads,EH Opt in pop up box,2025-06-17,2025-06-23,17-06-2025 - 23-06-2025,52
Leads,EH WhatsApp,2025-06-17,2025-06-23,17-06-2025 - 23-06-2025,16
Leads,Nuture Sequence EH,2025-06-17,2025-06-23,17-06-2025 - 23-06-2025,0
Leads,Nuture Sequence PTH,2025-06-17,2025-06-23,17-06-2025 - 23-06-2025,0
Leads,PTH IG,2025-06-17,2025-06-23,17-06-2025 - 23-06-2025,1
Leads,PTH Opt in pop up box,2025-06-17,2025-06-23,17-06-2025 - 23-06-2025,5
Leads,PTH WhatsApp,2025-06-17,2025-06-23,17-06-2025 - 23-06-2025,7
Leads,QUALIFIED LEADS EH,2025-06-17,2025-06-23,17-06-2025 - 23-06-2025,35
Leads,QUALIFIED LEADS PTH,2025-06-17,2025-06-23,17-06-2025 - 23-06-2025,12
Leads,Total Number of EH calls,2025-06-17,2025-06-23,17-06-2025 - 23-06-2025,1
Leads,Total Number of Leads EH,2025-06-17,2025-06-23,17-06-2025 - 23-06-2025,111
Leads,Total Number of Leads PTH,2025-06-17,2025-06-23,17-06-2025 - 23-06-2025,19
Leads,Total Number of PTH calls,2025-06-17,2025-06-23,17-06-2025 - 23-06-2025,0
Sales,Hold invoices cancelled,2025-06-17,2025-06-23,17-06-2025 - 23-06-2025,1
Sales,Hold invoices cancelled,2025-06-17,2025-06-23,17-06-2025 - 23-06-2025,10
Sales,Hold invoices outstanding,2025-06-17,2025-06-23,17-06-2025 - 23-06-2025,4
Sales,Hold invoices outstanding,2025-06-17,2025-06-23,17-06-2025 - 23-06-2025,1
Sales,Hold invoices paid over 2 days,2025-06-17,2025-06-23,17-06-2025 - 23-06-2025,2
Sales,Hold invoices paid over 3 days,2025-06-17,2025-06-23,17-06-2025 - 23-06-2025,0
Sales,Hold invoices paid within 2 days,2025-06-17,2025-06-23,17-06-2025 - 23-06-2025,8
Sales,Hold invoices paid within 3 days,2025-06-17,2025-06-23,17-06-2025 - 23-06-2025,2
Sales,Hold invoices raised EH,2025-06-17,2025-06-23,17-06-2025 - 23-06-2025,15
Sales,Hold invoices raised PTH,2025-06-17,2025-06-23,17-06-2025 - 23-06-2025,3
Sales,Hold to Paid conversion EH,2025-06-17,2025-06-23,17-06-2025 - 23-06-2025,8
Sales,Hold to Paid conversion PTH,2025-06-17,2025-06-23,17-06-2025 - 23-06-2025,2
Sales,Lead to quote,2025-06-17,2025-06-23,17-06-2025 - 23-06-2025,34
Sales,Qualified Lead to Hold conversion EH,2025-06-17,2025-06-23,17-06-2025 - 23-06-2025,0.43
Sales,Qualified Lead to Hold conversion PTH,2025-06-17,2025-06-23,17-06-2025 - 23-06-2025,0.25
Leads,Alumnae EH,2025-06-24,2025-06-30,24-06-2025 - 30-06-2025,6
Leads,Alumnae PTH,2025-06-24,2025-06-30,24-06-2025 - 30-06-2025,1
Leads,Daily Average EH,2025-06-24,2025-06-30,24-06-2025 - 30-06-2025,17
Leads,Daily Average PTH,2025-06-24,2025-06-30,24-06-2025 - 30-06-2025,6
Leads,EH IG,2025-06-24,2025-06-30,24-06-2025 - 30-06-2025,6
Leads,EH Live Chat,2025-06-24,2025-06-30,24-06-2025 - 30-06-2025,2
Leads,EH Opt in pop up box,2025-06-24,2025-06-30,24-06-2025 - 30-06-2025,48
Leads,EH WhatsApp,2025-06-24,2025-06-30,24-06-2025 - 30-06-2025,19
Leads,Nuture Sequence EH,2025-06-24,2025-06-30,24-06-2025 - 30-06-2025,0
Leads,Nuture Sequence PTH,2025-06-24,2025-06-30,24-06-2025 - 30-06-2025,0
Leads,PTH IG,2025-06-24,2025-06-30,24-06-2025 - 30-06-2025,3
Leads,PTH Opt in pop up box,2025-06-24,2025-06-30,24-06-2025 - 30-06-2025,7
Leads,PTH WhatsApp,2025-06-24,2025-06-30,24-06-2025 - 30-06-2025,7
Leads,QUALIFIED LEADS EH,2025-06-24,2025-06-30,24-06-2025 - 30-06-2025,41
Leads,QUALIFIED LEADS PTH,2025-06-24,2025-06-30,24-06-2025 - 30-06-2025,11
Leads,Total Number of EH calls,2025-06-24,2025-06-30,24-06-2025 - 30-06-2025,2
Leads,Total Number of Leads EH,2025-06-24,2025-06-30,24-06-2025 - 30-06-2025,117
Leads,Total Number of Leads PTH,2025-06-24,2025-06-30,24-06-2025 - 30-06-2025,23
Leads,Total Number of PTH calls,2025-06-24,2025-06-30,24-06-2025 - 30-06-2025,0
Sales,Hold invoices cancelled,2025-06-24,2025-06-30,24-06-2025 - 30-06-2025,2
Sales,Hold invoices cancelled,2025-06-24,2025-06-30,24-06-2025 - 30-06-2025,1
Sales,Hold invoices outstanding,2025-06-24,2025-06-30,24-06-2025 - 30-06-2025,3
Sales,Hold invoices outstanding,2025-06-24,2025-06-30,24-06-2025 - 30-06-2025,0
Sales,Hold invoices paid over 2 days,2025-06-24,2025-06-30,24-06-2025 - 30-06-2025,4
Sales,Hold invoices paid over 3 days,2025-06-24,2025-06-30,24-06-2025 - 30-06-2025,1
Sales,Hold invoices paid within 2 days,2025-06-24,2025-06-30,24-06-2025 - 30-06-2025,4
Sales,Hold invoices paid within 3 days,2025-06-24,2025-06-30,24-06-2025 - 30-06-2025,1
Sales,Hold invoices raised EH,2025-06-24,2025-06-30,24-06-2025 - 30-06-2025,10
Sales,Hold invoices raised PTH,2025-06-24,2025-06-30,24-06-2025 - 30-06-2025,2
Sales,Hold to Paid conversion EH,2025-06-24,2025-06-30,24-06-2025 - 30-06-2025,8
Sales,Hold to Paid conversion PTH,2025-06-24,2025-06-30,24-06-2025 - 30-06-2025,2
Sales,Lead to quote,2025-06-24,2025-06-30,24-06-2025 - 30-06-2025,22
Sales,Qualified Lead to Hold conversion EH,2025-06-24,2025-06-30,24-06-2025 - 30-06-2025,0.24
Sales,Qualified Lead to Hold conversion PTH,2025-06-24,2025-06-30,24-06-2025 - 30-06-2025,0.18
Leads,Alumnae EH,2025-07-01,2025-07-07,01-07-2025 - 07-07-2025,4
Leads,Alumnae PTH,2025-07-01,2025-07-07,01-07-2025 - 07-07-2025,1
Leads,Daily Average EH,2025-07-01,2025-07-07,01-07-2025 - 07-07-2025,17
Leads,Daily Average PTH,2025-07-01,2025-07-07,01-07-2025 - 07-07-2025,1
Leads,EH IG,2025-07-01,2025-07-07,01-07-2025 - 07-07-2025,7
Leads,EH Live Chat,2025-07-01,2025-07-07,01-07-2025 - 07-07-2025,13
Leads,EH Opt in pop up box,2025-07-01,2025-07-07,01-07-2025 - 07-07-2025,60
Leads,EH WhatsApp,2025-07-01,2025-07-07,01-07-2025 - 07-07-2025,19
Leads,Nuture Sequence EH,2025-07-01,2025-07-07,01-07-2025 - 07-07-2025,0
Leads,Nuture Sequence PTH,2025-07-01,2025-07-07,01-07-2025 - 07-07-2025,0
Leads,PTH IG,2025-07-01,2025-07-07,01-07-2025 - 07-07-2025,0
Leads,PTH Opt in pop up box,2025-07-01,2025-07-07,01-07-2025 - 07-07-2025,5
Leads,PTH WhatsApp,2025-07-01,2025-07-07,01-07-2025 - 07-07-2025,2
Leads,QUALIFIED LEADS EH,2025-07-01,2025-07-07,01-07-2025 - 07-07-2025,38
Leads,QUALIFIED LEADS PTH,2025-07-01,2025-07-07,01-07-2025 - 07-07-2025,3
Leads,Total Number of EH calls,2025-07-01,2025-07-07,01-07-2025 - 07-07-2025,0
Leads,Total Number of Leads EH,2025-07-01,2025-07-07,01-07-2025 - 07-07-2025,117
Leads,Total Number of Leads PTH,2025-07-01,2025-07-07,01-07-2025 - 07-07-2025,8
Leads,Total Number of PTH calls,2025-07-01,2025-07-07,01-07-2025 - 07-07-2025,0
Sales,Hold invoices cancelled,2025-07-01,2025-07-07,01-07-2025 - 07-07-2025,2
Sales,Hold invoices cancelled,2025-07-01,2025-07-07,01-07-2025 - 07-07-2025,0
Sales,Hold invoices outstanding,2025-07-01,2025-07-07,01-07-2025 - 07-07-2025,8
Sales,Hold invoices outstanding,2025-07-01,2025-07-07,01-07-2025 - 07-07-2025,1
Sales,Hold invoices paid over 2 days,2025-07-01,2025-07-07,01-07-2025 - 07-07-2025,0
Sales,Hold invoices paid over 3 days,2025-07-01,2025-07-07,01-07-2025 - 07-07-2025,0
Sales,Hold invoices paid within 2 days,2025-07-01,2025-07-07,01-07-2025 - 07-07-2025,3
Sales,Hold invoices paid within 3 days,2025-07-01,2025-07-07,01-07-2025 - 07-07-2025,5
Sales,Hold invoices raised EH,2025-07-01,2025-07-07,01-07-2025 - 07-07-2025,11
Sales,Hold invoices raised PTH,2025-07-01,2025-07-07,01-07-2025 - 07-07-2025,6
Sales,Hold to Paid conversion EH,2025-07-01,2025-07-07,01-07-2025 - 07-07-2025,3
Sales,Hold to Paid conversion PTH,2025-07-01,2025-07-07,01-07-2025 - 07-07-2025,5
Sales,Lead to quote,2025-07-01,2025-07-07,01-07-2025 - 07-07-2025,25
Sales,Qualified Lead to Hold conversion EH,2025-07-01,2025-07-07,01-07-2025 - 07-07-2025,0.29
Sales,Qualified Lead to Hold conversion PTH,2025-07-01,2025-07-07,01-07-2025 - 07-07-2025,2
Leads,Alumnae EH,2025-07-08,2025-07-14,08-07-2025 - 14-07-2025,5
Leads,Alumnae PTH,2025-07-08,2025-07-14,08-07-2025 - 14-07-2025,0
Leads,Daily Average EH,2025-07-08,2025-07-14,08-07-2025 - 14-07-2025,14
Leads,Daily Average PTH,2025-07-08,2025-07-14,08-07-2025 - 14-07-2025,1
Leads,EH IG,2025-07-08,2025-07-14,08-07-2025 - 14-07-2025,0
Leads,EH Live Chat,2025-07-08,2025-07-14,08-07-2025 - 14-07-2025,9
Leads,EH Opt in pop up box,2025-07-08,2025-07-14,08-07-2025 - 14-07-2025,47
Leads,EH WhatsApp,2025-07-08,2025-07-14,08-07-2025 - 14-07-2025,18
Leads,Nuture Sequence EH,2025-07-08,2025-07-14,08-07-2025 - 14-07-2025,0
Leads,Nuture Sequence PTH,2025-07-08,2025-07-14,08-07-2025 - 14-07-2025,0
Leads,PTH IG,2025-07-08,2025-07-14,08-07-2025 - 14-07-2025,0
Leads,PTH Opt in pop up box,2025-07-08,2025-07-14,08-07-2025 - 14-07-2025,3
Leads,PTH WhatsApp,2025-07-08,2025-07-14,08-07-2025 - 14-07-2025,1
Leads,QUALIFIED LEADS EH,2025-07-08,2025-07-14,08-07-2025 - 14-07-2025,32
Leads,QUALIFIED LEADS PTH,2025-07-08,2025-07-14,08-07-2025 - 14-07-2025,0
Leads,Total Number of EH calls,2025-07-08,2025-07-14,08-07-2025 - 14-07-2025,2
Leads,Total Number of Leads EH,2025-07-08,2025-07-14,08-07-2025 - 14-07-2025,99
Leads,Total Number of Leads PTH,2025-07-08,2025-07-14,08-07-2025 - 14-07-2025,8
Leads,Total Number of PTH calls,2025-07-08,2025-07-14,08-07-2025 - 14-07-2025,0
Sales,Hold invoices cancelled,2025-07-08,2025-07-14,08-07-2025 - 14-07-2025,0
Sales,Hold invoices cancelled,2025-07-08,2025-07-14,08-07-2025 - 14-07-2025,0
Sales,Hold invoices outstanding,2025-07-08,2025-07-14,08-07-2025 - 14-07-2025,7
Sales,Hold invoices outstanding,2025-07-08,2025-07-14,08-07-2025 - 14-07-2025,0
Sales,Hold invoices paid over 2 days,2025-07-08,2025-07-14,08-07-2025 - 14-07-2025,1
Sales,Hold invoices paid over 3 days,2025-07-08,2025-07-14,08-07-2025 - 14-07-2025,0
Sales,Hold invoices paid within 2 days,2025-07-08,2025-07-14,08-07-2025 - 14-07-2025,9
Sales,Hold invoices paid within 3 days,2025-07-08,2025-07-14,08-07-2025 - 14-07-2025,0
Sales,Hold invoices raised EH,2025-07-08,2025-07-14,08-07-2025 - 14-07-2025,13
Sales,Hold invoices raised PTH,2025-07-08,2025-07-14,08-07-2025 - 14-07-2025,0
Sales,Hold to Paid conversion EH,2025-07-08,2025-07-14,08-07-2025 - 14-07-2025,10
Sales,Hold to Paid conversion PTH,2025-07-08,2025-07-14,08-07-2025 - 14-07-2025,0
Sales,Lead to quote,2025-07-08,2025-07-14,08-07-2025 - 14-07-2025,17
Sales,Qualified Lead to Hold conversion EH,2025-07-08,2025-07-14,08-07-2025 - 14-07-2025,0.41
Sales,Qualified Lead to Hold conversion PTH,2025-07-08,2025-07-14,08-07-2025 - 14-07-2025,NA
Leads,Alumnae EH,2025-07-15,2025-07-21,15-07-2025 - 21-07-2025,4
Leads,Alumnae PTH,2025-07-15,2025-07-21,15-07-2025 - 21-07-2025,4
Leads,Daily Average EH,2025-07-15,2025-07-21,15-07-2025 - 21-07-2025,18
Leads,Daily Average PTH,2025-07-15,2025-07-21,15-07-2025 - 21-07-2025,4
Leads,EH IG,2025-07-15,2025-07-21,15-07-2025 - 21-07-2025,3
Leads,EH Live Chat,2025-07-15,2025-07-21,15-07-2025 - 21-07-2025,6
Leads,EH Opt in pop up box,2025-07-15,2025-07-21,15-07-2025 - 21-07-2025,71
Leads,EH WhatsApp,2025-07-15,2025-07-21,15-07-2025 - 21-07-2025,18
Leads,Nuture Sequence EH,2025-07-15,2025-07-21,15-07-2025 - 21-07-2025,0
Leads,Nuture Sequence PTH,2025-07-15,2025-07-21,15-07-2025 - 21-07-2025,0
Leads,PTH IG,2025-07-15,2025-07-21,15-07-2025 - 21-07-2025,4
Leads,PTH Opt in pop up box,2025-07-15,2025-07-21,15-07-2025 - 21-07-2025,12
Leads,PTH WhatsApp,2025-07-15,2025-07-21,15-07-2025 - 21-07-2025,5
Leads,QUALIFIED LEADS EH,2025-07-15,2025-07-21,15-07-2025 - 21-07-2025,28
Leads,QUALIFIED LEADS PTH,2025-07-15,2025-07-21,15-07-2025 - 21-07-2025,8
Leads,Total Number of EH calls,2025-07-15,2025-07-21,15-07-2025 - 21-07-2025,1
Leads,Total Number of Leads EH,2025-07-15,2025-07-21,15-07-2025 - 21-07-2025,125
Leads,Total Number of Leads PTH,2025-07-15,2025-07-21,15-07-2025 - 21-07-2025,27
Leads,Total Number of PTH calls,2025-07-15,2025-07-21,15-07-2025 - 21-07-2025,0
Sales,Hold invoices cancelled,2025-07-15,2025-07-21,15-07-2025 - 21-07-2025,1
Sales,Hold invoices cancelled,2025-07-15,2025-07-21,15-07-2025 - 21-07-2025,0
Sales,Hold invoices outstanding,2025-07-15,2025-07-21,15-07-2025 - 21-07-2025,4
Sales,Hold invoices outstanding,2025-07-15,2025-07-21,15-07-2025 - 21-07-2025,0
Sales,Hold invoices paid over 2 days,2025-07-15,2025-07-21,15-07-2025 - 21-07-2025,0
Sales,Hold invoices paid over 3 days,2025-07-15,2025-07-21,15-07-2025 - 21-07-2025,3
Sales,Hold invoices paid within 2 days,2025-07-15,2025-07-21,15-07-2025 - 21-07-2025,6
Sales,Hold invoices paid within 3 days,2025-07-15,2025-07-21,15-07-2025 - 21-07-2025,0
Sales,Hold invoices raised EH,2025-07-15,2025-07-21,15-07-2025 - 21-07-2025,10
Sales,Hold invoices raised PTH,2025-07-15,2025-07-21,15-07-2025 - 21-07-2025,3
Sales,Hold to Paid conversion EH,2025-07-15,2025-07-21,15-07-2025 - 21-07-2025,6
Sales,Hold to Paid conversion PTH,2025-07-15,2025-07-21,15-07-2025 - 21-07-2025,3
Sales,Lead to quote,2025-07-15,2025-07-21,15-07-2025 - 21-07-2025,23
Sales,Qualified Lead to Hold conversion EH,2025-07-15,2025-07-21,15-07-2025 - 21-07-2025,0.36
Sales,Qualified Lead to Hold conversion PTH,2025-07-15,2025-07-21,15-07-2025 - 21-07-2025,0.38
Leads,Alumnae EH,2025-07-22,2025-07-28,22-07-2025 - 28-07-2025,4
Leads,Alumnae PTH,2025-07-22,2025-07-28,22-07-2025 - 28-07-2025,2
Leads,Daily Average EH,2025-07-22,2025-07-28,22-07-2025 - 28-07-2025,17
Leads,Daily Average PTH,2025-07-22,2025-07-28,22-07-2025 - 28-07-2025,2
Leads,EH IG,2025-07-22,2025-07-28,22-07-2025 - 28-07-2025,3
Leads,EH Live Chat,2025-07-22,2025-07-28,22-07-2025 - 28-07-2025,7
Leads,EH Opt in pop up box,2025-07-22,2025-07-28,22-07-2025 - 28-07-2025,70
Leads,EH WhatsApp,2025-07-22,2025-07-28,22-07-2025 - 28-07-2025,26
Leads,Nuture Sequence EH,2025-07-22,2025-07-28,22-07-2025 - 28-07-2025,0
Leads,Nuture Sequence PTH,2025-07-22,2025-07-28,22-07-2025 - 28-07-2025,0
Leads,PTH IG,2025-07-22,2025-07-28,22-07-2025 - 28-07-2025,0
Leads,PTH Opt in pop up box,2025-07-22,2025-07-28,22-07-2025 - 28-07-2025,6
Leads,PTH WhatsApp,2025-07-22,2025-07-28,22-07-2025 - 28-07-2025,3
Leads,QUALIFIED LEADS EH,2025-07-22,2025-07-28,22-07-2025 - 28-07-2025,35
Leads,QUALIFIED LEADS PTH,2025-07-22,2025-07-28,22-07-2025 - 28-07-2025,5
Leads,Total Number of EH calls,2025-07-22,2025-07-28,22-07-2025 - 28-07-2025,1
Leads,Total Number of Leads EH,2025-07-22,2025-07-28,22-07-2025 - 28-07-2025,116
Leads,Total Number of Leads PTH,2025-07-22,2025-07-28,22-07-2025 - 28-07-2025,14
Leads,Total Number of PTH calls,2025-07-22,2025-07-28,22-07-2025 - 28-07-2025,0
Sales,Hold invoices cancelled,2025-07-22,2025-07-28,22-07-2025 - 28-07-2025,NA
Sales,Hold invoices cancelled,2025-07-22,2025-07-28,22-07-2025 - 28-07-2025,0
Sales,Hold invoices outstanding,2025-07-22,2025-07-28,22-07-2025 - 28-07-2025,8
Sales,Hold invoices outstanding,2025-07-22,2025-07-28,22-07-2025 - 28-07-2025,0
Sales,Hold invoices paid over 2 days,2025-07-22,2025-07-28,22-07-2025 - 28-07-2025,3
Sales,Hold invoices paid over 3 days,2025-07-22,2025-07-28,22-07-2025 - 28-07-2025,0
Sales,Hold invoices paid within 2 days,2025-07-22,2025-07-28,22-07-2025 - 28-07-2025,4
Sales,Hold invoices paid within 3 days,2025-07-22,2025-07-28,22-07-2025 - 28-07-2025,1
Sales,Hold invoices raised EH,2025-07-22,2025-07-28,22-07-2025 - 28-07-2025,16
Sales,Hold invoices raised PTH,2025-07-22,2025-07-28,22-07-2025 - 28-07-2025,1
Sales,Hold to Paid conversion EH,2025-07-22,2025-07-28,22-07-2025 - 28-07-2025,7
Sales,Hold to Paid conversion PTH,2025-07-22,2025-07-28,22-07-2025 - 28-07-2025,1
Sales,Lead to quote,2025-07-22,2025-07-28,22-07-2025 - 28-07-2025,26
Sales,Qualified Lead to Hold conversion EH,2025-07-22,2025-07-28,22-07-2025 - 28-07-2025,0.46
Sales,Qualified Lead to Hold conversion PTH,2025-07-22,2025-07-28,22-07-2025 - 28-07-2025,0.2
Leads,Alumnae EH,2025-07-29,2025-08-04,29-07-2025 - 04-08-2025,7
Leads,Alumnae PTH,2025-07-29,2025-08-04,29-07-2025 - 04-08-2025,1
Leads,Daily Average EH,2025-07-29,2025-08-04,29-07-2025 - 04-08-2025,19
Leads,Daily Average PTH,2025-07-29,2025-08-04,29-07-2025 - 04-08-2025,6
Leads,EH IG,2025-07-29,2025-08-04,29-07-2025 - 04-08-2025,3
Leads,EH Live Chat,2025-07-29,2025-08-04,29-07-2025 - 04-08-2025,8
Leads,EH Opt in pop up box,2025-07-29,2025-08-04,29-07-2025 - 04-08-2025,67
Leads,EH WhatsApp,2025-07-29,2025-08-04,29-07-2025 - 04-08-2025,32
Leads,Nuture Sequence EH,2025-07-29,2025-08-04,29-07-2025 - 04-08-2025,0
Leads,Nuture Sequence PTH,2025-07-29,2025-08-04,29-07-2025 - 04-08-2025,0
Leads,PTH IG,2025-07-29,2025-08-04,29-07-2025 - 04-08-2025,0
Leads,PTH Opt in pop up box,2025-07-29,2025-08-04,29-07-2025 - 04-08-2025,5
Leads,PTH WhatsApp,2025-07-29,2025-08-04,29-07-2025 - 04-08-2025,2
Leads,QUALIFIED LEADS EH,2025-07-29,2025-08-04,29-07-2025 - 04-08-2025,41
Leads,QUALIFIED LEADS PTH,2025-07-29,2025-08-04,29-07-2025 - 04-08-2025,3
Leads,Total Number of EH calls,2025-07-29,2025-08-04,29-07-2025 - 04-08-2025,5
Leads,Total Number of Leads EH,2025-07-29,2025-08-04,29-07-2025 - 04-08-2025,133
Leads,Total Number of Leads PTH,2025-07-29,2025-08-04,29-07-2025 - 04-08-2025,9
Leads,Total Number of PTH calls,2025-07-29,2025-08-04,29-07-2025 - 04-08-2025,0
Sales,Hold invoices cancelled,2025-07-29,2025-08-04,29-07-2025 - 04-08-2025,0
Sales,Hold invoices cancelled,2025-07-29,2025-08-04,29-07-2025 - 04-08-2025,0
Sales,Hold invoices outstanding,2025-07-29,2025-08-04,29-07-2025 - 04-08-2025,2
Sales,Hold invoices outstanding,2025-07-29,2025-08-04,29-07-2025 - 04-08-2025,0
Sales,Hold invoices paid over 2 days,2025-07-29,2025-08-04,29-07-2025 - 04-08-2025,1
Sales,Hold invoices paid over 3 days,2025-07-29,2025-08-04,29-07-2025 - 04-08-2025,0
Sales,Hold invoices paid within 2 days,2025-07-29,2025-08-04,29-07-2025 - 04-08-2025,14
Sales,Hold invoices paid within 3 days,2025-07-29,2025-08-04,29-07-2025 - 04-08-2025,3
Sales,Hold invoices raised EH,2025-07-29,2025-08-04,29-07-2025 - 04-08-2025,17
Sales,Hold invoices raised PTH,2025-07-29,2025-08-04,29-07-2025 - 04-08-2025,3
Sales,Hold to Paid conversion EH,2025-07-29,2025-08-04,29-07-2025 - 04-08-2025,15
Sales,Hold to Paid conversion PTH,2025-07-29,2025-08-04,29-07-2025 - 04-08-2025,3
Sales,Lead to quote,2025-07-29,2025-08-04,29-07-2025 - 04-08-2025,37
Sales,Qualified Lead to Hold conversion EH,2025-07-29,2025-08-04,29-07-2025 - 04-08-2025,0.41
Sales,Qualified Lead to Hold conversion PTH,2025-07-29,2025-08-04,29-07-2025 - 04-08-2025,1
Leads,Alumnae EH,2025-08-05,2025-08-11,05-08-2025 - 11-08-2025,4
Leads,Alumnae PTH,2025-08-05,2025-08-11,05-08-2025 - 11-08-2025,0
Leads,Daily Average EH,2025-08-05,2025-08-11,05-08-2025 - 11-08-2025,19
Leads,Daily Average PTH,2025-08-05,2025-08-11,05-08-2025 - 11-08-2025,1
Leads,EH IG,2025-08-05,2025-08-11,05-08-2025 - 11-08-2025,2
Leads,EH Live Chat,2025-08-05,2025-08-11,05-08-2025 - 11-08-2025,8
Leads,EH Opt in pop up box,2025-08-05,2025-08-11,05-08-2025 - 11-08-2025,71
Leads,EH WhatsApp,2025-08-05,2025-08-11,05-08-2025 - 11-08-2025,24
Leads,Nuture Sequence EH,2025-08-05,2025-08-11,05-08-2025 - 11-08-2025,0
Leads,Nuture Sequence PTH,2025-08-05,2025-08-11,05-08-2025 - 11-08-2025,0
Leads,PTH IG,2025-08-05,2025-08-11,05-08-2025 - 11-08-2025,0
Leads,PTH Opt in pop up box,2025-08-05,2025-08-11,05-08-2025 - 11-08-2025,2
Leads,PTH WhatsApp,2025-08-05,2025-08-11,05-08-2025 - 11-08-2025,6
Leads,QUALIFIED LEADS EH,2025-08-05,2025-08-11,05-08-2025 - 11-08-2025,43
Leads,QUALIFIED LEADS PTH,2025-08-05,2025-08-11,05-08-2025 - 11-08-2025,7
Leads,Total Number of EH calls,2025-08-05,2025-08-11,05-08-2025 - 11-08-2025,1
Leads,Total Number of Leads EH,2025-08-05,2025-08-11,05-08-2025 - 11-08-2025,131
Leads,Total Number of Leads PTH,2025-08-05,2025-08-11,05-08-2025 - 11-08-2025,9
Leads,Total Number of PTH calls,2025-08-05,2025-08-11,05-08-2025 - 11-08-2025,0
Sales,Hold invoices cancelled,2025-08-05,2025-08-11,05-08-2025 - 11-08-2025,0
Sales,Hold invoices cancelled,2025-08-05,2025-08-11,05-08-2025 - 11-08-2025,2
Sales,Hold invoices outstanding,2025-08-05,2025-08-11,05-08-2025 - 11-08-2025,6
Sales,Hold invoices outstanding,2025-08-05,2025-08-11,05-08-2025 - 11-08-2025,2
Sales,Hold invoices paid over 2 days,2025-08-05,2025-08-11,05-08-2025 - 11-08-2025,1
Sales,Hold invoices paid over 3 days,2025-08-05,2025-08-11,05-08-2025 - 11-08-2025,0
Sales,Hold invoices paid within 2 days,2025-08-05,2025-08-11,05-08-2025 - 11-08-2025,12
Sales,Hold invoices paid within 3 days,2025-08-05,2025-08-11,05-08-2025 - 11-08-2025,1
Sales,Hold invoices raised EH,2025-08-05,2025-08-11,05-08-2025 - 11-08-2025,19
Sales,Hold invoices raised PTH,2025-08-05,2025-08-11,05-08-2025 - 11-08-2025,3
Sales,Hold to Paid conversion EH,2025-08-05,2025-08-11,05-08-2025 - 11-08-2025,13
Sales,Hold to Paid conversion PTH,2025-08-05,2025-08-11,05-08-2025 - 11-08-2025,1
Sales,Lead to quote,2025-08-05,2025-08-11,05-08-2025 - 11-08-2025,33
Sales,Qualified Lead to Hold conversion EH,2025-08-05,2025-08-11,05-08-2025 - 11-08-2025,0.44
Sales,Qualified Lead to Hold conversion PTH,2025-08-05,2025-08-11,05-08-2025 - 11-08-2025,0.43
Leads,Alumnae EH,2025-08-12,2025-08-18,12-08-2025 - 18-08-2025,6
Leads,Alumnae PTH,2025-08-12,2025-08-18,12-08-2025 - 18-08-2025,0
Leads,Daily Average EH,2025-08-12,2025-08-18,12-08-2025 - 18-08-2025,16
Leads,Daily Average PTH,2025-08-12,2025-08-18,12-08-2025 - 18-08-2025,1
Leads,EH IG,2025-08-12,2025-08-18,12-08-2025 - 18-08-2025,0
Leads,EH Live Chat,2025-08-12,2025-08-18,12-08-2025 - 18-08-2025,3
Leads,EH Opt in pop up box,2025-08-12,2025-08-18,12-08-2025 - 18-08-2025,63
Leads,EH WhatsApp,2025-08-12,2025-08-18,12-08-2025 - 18-08-2025,30
Leads,Nuture Sequence EH,2025-08-12,2025-08-18,12-08-2025 - 18-08-2025,0
Leads,Nuture Sequence PTH,2025-08-12,2025-08-18,12-08-2025 - 18-08-2025,0
Leads,PTH IG,2025-08-12,2025-08-18,12-08-2025 - 18-08-2025,0
Leads,PTH Opt in pop up box,2025-08-12,2025-08-18,12-08-2025 - 18-08-2025,3
Leads,PTH WhatsApp,2025-08-12,2025-08-18,12-08-2025 - 18-08-2025,1
Leads,QUALIFIED LEADS EH,2025-08-12,2025-08-18,12-08-2025 - 18-08-2025,33
Leads,QUALIFIED LEADS PTH,2025-08-12,2025-08-18,12-08-2025 - 18-08-2025,2
Leads,Total Number of EH calls,2025-08-12,2025-08-18,12-08-2025 - 18-08-2025,1
Leads,Total Number of Leads EH,2025-08-12,2025-08-18,12-08-2025 - 18-08-2025,113
Leads,Total Number of Leads PTH,2025-08-12,2025-08-18,12-08-2025 - 18-08-2025,6
Leads,Total Number of PTH calls,2025-08-12,2025-08-18,12-08-2025 - 18-08-2025,0
Sales,Hold invoices cancelled,2025-08-12,2025-08-18,12-08-2025 - 18-08-2025,0
Sales,Hold invoices cancelled,2025-08-12,2025-08-18,12-08-2025 - 18-08-2025,0
Sales,Hold invoices outstanding,2025-08-12,2025-08-18,12-08-2025 - 18-08-2025,4
Sales,Hold invoices outstanding,2025-08-12,2025-08-18,12-08-2025 - 18-08-2025,1
Sales,Hold invoices paid over 2 days,2025-08-12,2025-08-18,12-08-2025 - 18-08-2025,3
Sales,Hold invoices paid over 3 days,2025-08-12,2025-08-18,12-08-2025 - 18-08-2025,0
Sales,Hold invoices paid within 2 days,2025-08-12,2025-08-18,12-08-2025 - 18-08-2025,11
Sales,Hold invoices paid within 3 days,2025-08-12,2025-08-18,12-08-2025 - 18-08-2025,0
Sales,Hold invoices raised EH,2025-08-12,2025-08-18,12-08-2025 - 18-08-2025,14
Sales,Hold invoices raised PTH,2025-08-12,2025-08-18,12-08-2025 - 18-08-2025,3
Sales,Hold to Paid conversion EH,2025-08-12,2025-08-18,12-08-2025 - 18-08-2025,7
Sales,Hold to Paid conversion PTH,2025-08-12,2025-08-18,12-08-2025 - 18-08-2025,1
Sales,Lead to quote,2025-08-12,2025-08-18,12-08-2025 - 18-08-2025,24
Sales,Qualified Lead to Hold conversion EH,2025-08-12,2025-08-18,12-08-2025 - 18-08-2025,0.42
Sales,Qualified Lead to Hold conversion PTH,2025-08-12,2025-08-18,12-08-2025 - 18-08-2025,1.5
Leads,Alumnae EH,2025-08-19,2025-08-25,19-08-2025 - 25-08-2025,2
Leads,Alumnae PTH,2025-08-19,2025-08-25,19-08-2025 - 25-08-2025,0
Leads,Daily Average EH,2025-08-19,2025-08-25,19-08-2025 - 25-08-2025,11
Leads,Daily Average PTH,2025-08-19,2025-08-25,19-08-2025 - 25-08-2025,2
Leads,EH IG,2025-08-19,2025-08-25,19-08-2025 - 25-08-2025,1
Leads,EH Live Chat,2025-08-19,2025-08-25,19-08-2025 - 25-08-2025,1
Leads,EH Opt in pop up box,2025-08-19,2025-08-25,19-08-2025 - 25-08-2025,46
Leads,EH WhatsApp,2025-08-19,2025-08-25,19-08-2025 - 25-08-2025,20
Leads,Nuture Sequence EH,2025-08-19,2025-08-25,19-08-2025 - 25-08-2025,0
Leads,Nuture Sequence PTH,2025-08-19,2025-08-25,19-08-2025 - 25-08-2025,0
Leads,PTH IG,2025-08-19,2025-08-25,19-08-2025 - 25-08-2025,0
Leads,PTH Opt in pop up box,2025-08-19,2025-08-25,19-08-2025 - 25-08-2025,4
Leads,PTH WhatsApp,2025-08-19,2025-08-25,19-08-2025 - 25-08-2025,6
Leads,QUALIFIED LEADS EH,2025-08-19,2025-08-25,19-08-2025 - 25-08-2025,22
Leads,QUALIFIED LEADS PTH,2025-08-19,2025-08-25,19-08-2025 - 25-08-2025,6
Leads,Total Number of EH calls,2025-08-19,2025-08-25,19-08-2025 - 25-08-2025,0
Leads,Total Number of Leads EH,2025-08-19,2025-08-25,19-08-2025 - 25-08-2025,78
Leads,Total Number of Leads PTH,2025-08-19,2025-08-25,19-08-2025 - 25-08-2025,11
Leads,Total Number of PTH calls,2025-08-19,2025-08-25,19-08-2025 - 25-08-2025,0
Sales,Hold invoices cancelled,2025-08-19,2025-08-25,19-08-2025 - 25-08-2025,0
Sales,Hold invoices cancelled,2025-08-19,2025-08-25,19-08-2025 - 25-08-2025,0
Sales,Hold invoices outstanding,2025-08-19,2025-08-25,19-08-2025 - 25-08-2025,3
Sales,Hold invoices outstanding,2025-08-19,2025-08-25,19-08-2025 - 25-08-2025,0
Sales,Hold invoices paid over 2 days,2025-08-19,2025-08-25,19-08-2025 - 25-08-2025,0
Sales,Hold invoices paid over 3 days,2025-08-19,2025-08-25,19-08-2025 - 25-08-2025,0
Sales,Hold invoices paid within 2 days,2025-08-19,2025-08-25,19-08-2025 - 25-08-2025,7
Sales,Hold invoices paid within 3 days,2025-08-19,2025-08-25,19-08-2025 - 25-08-2025,0
Sales,Hold invoices raised EH,2025-08-19,2025-08-25,19-08-2025 - 25-08-2025,10
Sales,Hold invoices raised PTH,2025-08-19,2025-08-25,19-08-2025 - 25-08-2025,0
Sales,Hold to Paid conversion EH,2025-08-19,2025-08-25,19-08-2025 - 25-08-2025,7
Sales,Hold to Paid conversion PTH,2025-08-19,2025-08-25,19-08-2025 - 25-08-2025,0
Sales,Lead to quote,2025-08-19,2025-08-25,19-08-2025 - 25-08-2025,17
Sales,Qualified Lead to Hold conversion EH,2025-08-19,2025-08-25,19-08-2025 - 25-08-2025,0.45
Sales,Qualified Lead to Hold conversion PTH,2025-08-19,2025-08-25,19-08-2025 - 25-08-2025,0
Leads,Alumnae EH,2025-08-26,2025-09-01,26-08-2025 - 01-09-2025,4
Leads,Alumnae PTH,2025-08-26,2025-09-01,26-08-2025 - 01-09-2025,0
Leads,Daily Average EH,2025-08-26,2025-09-01,26-08-2025 - 01-09-2025,16
Leads,Daily Average PTH,2025-08-26,2025-09-01,26-08-2025 - 01-09-2025,1
Leads,EH IG,2025-08-26,2025-09-01,26-08-2025 - 01-09-2025,0
Leads,EH Live Chat,2025-08-26,2025-09-01,26-08-2025 - 01-09-2025,6
Leads,EH Opt in pop up box,2025-08-26,2025-09-01,26-08-2025 - 01-09-2025,59
Leads,EH WhatsApp,2025-08-26,2025-09-01,26-08-2025 - 01-09-2025,20
Leads,Nuture Sequence EH,2025-08-26,2025-09-01,26-08-2025 - 01-09-2025,0
Leads,Nuture Sequence PTH,2025-08-26,2025-09-01,26-08-2025 - 01-09-2025,0
Leads,PTH IG,2025-08-26,2025-09-01,26-08-2025 - 01-09-2025,0
Leads,PTH Opt in pop up box,2025-08-26,2025-09-01,26-08-2025 - 01-09-2025,4
Leads,PTH WhatsApp,2025-08-26,2025-09-01,26-08-2025 - 01-09-2025,4
Leads,QUALIFIED LEADS EH,2025-08-26,2025-09-01,26-08-2025 - 01-09-2025,43
Leads,QUALIFIED LEADS PTH,2025-08-26,2025-09-01,26-08-2025 - 01-09-2025,4
Leads,Total Number of EH calls,2025-08-26,2025-09-01,26-08-2025 - 01-09-2025,4
Leads,Total Number of Leads EH,2025-08-26,2025-09-01,26-08-2025 - 01-09-2025,115
Leads,Total Number of Leads PTH,2025-08-26,2025-09-01,26-08-2025 - 01-09-2025,9
Leads,Total Number of PTH calls,2025-08-26,2025-09-01,26-08-2025 - 01-09-2025,0
Sales,Hold invoices cancelled,2025-08-26,2025-09-01,26-08-2025 - 01-09-2025,1
Sales,Hold invoices cancelled,2025-08-26,2025-09-01,26-08-2025 - 01-09-2025,0
Sales,Hold invoices outstanding,2025-08-26,2025-09-01,26-08-2025 - 01-09-2025,4
Sales,Hold invoices outstanding,2025-08-26,2025-09-01,26-08-2025 - 01-09-2025,2
Sales,Hold invoices paid over 2 days,2025-08-26,2025-09-01,26-08-2025 - 01-09-2025,0
Sales,Hold invoices paid over 3 days,2025-08-26,2025-09-01,26-08-2025 - 01-09-2025,0
Sales,Hold invoices paid within 2 days,2025-08-26,2025-09-01,26-08-2025 - 01-09-2025,11
Sales,Hold invoices paid within 3 days,2025-08-26,2025-09-01,26-08-2025 - 01-09-2025,0
Sales,Hold invoices raised EH,2025-08-26,2025-09-01,26-08-2025 - 01-09-2025,15
Sales,Hold invoices raised PTH,2025-08-26,2025-09-01,26-08-2025 - 01-09-2025,3
Sales,Hold to Paid conversion EH,2025-08-26,2025-09-01,26-08-2025 - 01-09-2025,11
Sales,Hold to Paid conversion PTH,2025-08-26,2025-09-01,26-08-2025 - 01-09-2025,1
Sales,Lead to quote,2025-08-26,2025-09-01,26-08-2025 - 01-09-2025,28
Sales,Qualified Lead to Hold conversion EH,2025-08-26,2025-09-01,26-08-2025 - 01-09-2025,0.35
Sales,Qualified Lead to Hold conversion PTH,2025-08-26,2025-09-01,26-08-2025 - 01-09-2025,0.75
Leads,Alumnae EH,2025-09-02,2025-09-08,02-09-2025 - 08-09-2025,7
Leads,Alumnae PTH,2025-09-02,2025-09-08,02-09-2025 - 08-09-2025,1
Leads,Daily Average EH,2025-09-02,2025-09-08,02-09-2025 - 08-09-2025,19
Leads,Daily Average PTH,2025-09-02,2025-09-08,02-09-2025 - 08-09-2025,2
Leads,EH IG,2025-09-02,2025-09-08,02-09-2025 - 08-09-2025,0
Leads,EH Live Chat,2025-09-02,2025-09-08,02-09-2025 - 08-09-2025,11
Leads,EH Opt in pop up box,2025-09-02,2025-09-08,02-09-2025 - 08-09-2025,60
Leads,EH WhatsApp,2025-09-02,2025-09-08,02-09-2025 - 08-09-2025,38
Leads,Nuture Sequence EH,2025-09-02,2025-09-08,02-09-2025 - 08-09-2025,0
Leads,Nuture Sequence PTH,2025-09-02,2025-09-08,02-09-2025 - 08-09-2025,0
Leads,PTH IG,2025-09-02,2025-09-08,02-09-2025 - 08-09-2025,0
Leads,PTH Opt in pop up box,2025-09-02,2025-09-08,02-09-2025 - 08-09-2025,4
Leads,PTH WhatsApp,2025-09-02,2025-09-08,02-09-2025 - 08-09-2025,5
Leads,QUALIFIED LEADS EH,2025-09-02,2025-09-08,02-09-2025 - 08-09-2025,53
Leads,QUALIFIED LEADS PTH,2025-09-02,2025-09-08,02-09-2025 - 08-09-2025,6
Leads,Total Number of EH calls,2025-09-02,2025-09-08,02-09-2025 - 08-09-2025,2
Leads,Total Number of Leads EH,2025-09-02,2025-09-08,02-09-2025 - 08-09-2025,130
Leads,Total Number of Leads PTH,2025-09-02,2025-09-08,02-09-2025 - 08-09-2025,11
Leads,Total Number of PTH calls,2025-09-02,2025-09-08,02-09-2025 - 08-09-2025,0
Sales,Hold invoices cancelled,2025-09-02,2025-09-08,02-09-2025 - 08-09-2025,3
Sales,Hold invoices cancelled,2025-09-02,2025-09-08,02-09-2025 - 08-09-2025,0
Sales,Hold invoices outstanding,2025-09-02,2025-09-08,02-09-2025 - 08-09-2025,10
Sales,Hold invoices outstanding,2025-09-02,2025-09-08,02-09-2025 - 08-09-2025,0
Sales,Hold invoices paid over 2 days,2025-09-02,2025-09-08,02-09-2025 - 08-09-2025,0
Sales,Hold invoices paid over 3 days,2025-09-02,2025-09-08,02-09-2025 - 08-09-2025,0
Sales,Hold invoices paid within 2 days,2025-09-02,2025-09-08,02-09-2025 - 08-09-2025,19
Sales,Hold invoices paid within 3 days,2025-09-02,2025-09-08,02-09-2025 - 08-09-2025,1
Sales,Hold invoices raised EH,2025-09-02,2025-09-08,02-09-2025 - 08-09-2025,29
Sales,Hold invoices raised PTH,2025-09-02,2025-09-08,02-09-2025 - 08-09-2025,1
Sales,Hold to Paid conversion EH,2025-09-02,2025-09-08,02-09-2025 - 08-09-2025,19
Sales,Hold to Paid conversion PTH,2025-09-02,2025-09-08,02-09-2025 - 08-09-2025,1
Sales,Lead to quote,2025-09-02,2025-09-08,02-09-2025 - 08-09-2025,40
Sales,Qualified Lead to Hold conversion EH,2025-09-02,2025-09-08,02-09-2025 - 08-09-2025,0.55
Sales,Qualified Lead to Hold conversion PTH,2025-09-02,2025-09-08,02-09-2025 - 08-09-2025,0.17
Leads,Alumnae EH,2025-09-09,2025-09-15,09-09-2025 - 15-09-2025,9
Leads,Alumnae PTH,2025-09-09,2025-09-15,09-09-2025 - 15-09-2025,3
Leads,Daily Average EH,2025-09-09,2025-09-15,09-09-2025 - 15-09-2025,15
Leads,Daily Average PTH,2025-09-09,2025-09-15,09-09-2025 - 15-09-2025,1
Leads,EH IG,2025-09-09,2025-09-15,09-09-2025 - 15-09-2025,2
Leads,EH Live Chat,2025-09-09,2025-09-15,09-09-2025 - 15-09-2025,6
Leads,EH Opt in pop up box,2025-09-09,2025-09-15,09-09-2025 - 15-09-2025,43
Leads,EH WhatsApp,2025-09-09,2025-09-15,09-09-2025 - 15-09-2025,31
Leads,Nuture Sequence EH,2025-09-09,2025-09-15,09-09-2025 - 15-09-2025,0
Leads,Nuture Sequence PTH,2025-09-09,2025-09-15,09-09-2025 - 15-09-2025,0
Leads,PTH IG,2025-09-09,2025-09-15,09-09-2025 - 15-09-2025,0
Leads,PTH Opt in pop up box,2025-09-09,2025-09-15,09-09-2025 - 15-09-2025,3
Leads,PTH WhatsApp,2025-09-09,2025-09-15,09-09-2025 - 15-09-2025,6
Leads,QUALIFIED LEADS EH,2025-09-09,2025-09-15,09-09-2025 - 15-09-2025,44
Leads,QUALIFIED LEADS PTH,2025-09-09,2025-09-15,09-09-2025 - 15-09-2025,7
Leads,Total Number of EH calls,2025-09-09,2025-09-15,09-09-2025 - 15-09-2025,0
Leads,Total Number of Leads EH,2025-09-09,2025-09-15,09-09-2025 - 15-09-2025,106
Leads,Total Number of Leads PTH,2025-09-09,2025-09-15,09-09-2025 - 15-09-2025,10
Leads,Total Number of PTH calls,2025-09-09,2025-09-15,09-09-2025 - 15-09-2025,0
Sales,Hold invoices cancelled,2025-09-09,2025-09-15,09-09-2025 - 15-09-2025,3
Sales,Hold invoices cancelled,2025-09-09,2025-09-15,09-09-2025 - 15-09-2025,0
Sales,Hold invoices outstanding,2025-09-09,2025-09-15,09-09-2025 - 15-09-2025,5
Sales,Hold invoices outstanding,2025-09-09,2025-09-15,09-09-2025 - 15-09-2025,0
Sales,Hold invoices paid over 2 days,2025-09-09,2025-09-15,09-09-2025 - 15-09-2025,2
Sales,Hold invoices paid over 3 days,2025-09-09,2025-09-15,09-09-2025 - 15-09-2025,0
Sales,Hold invoices paid within 2 days,2025-09-09,2025-09-15,09-09-2025 - 15-09-2025,28
Sales,Hold invoices paid within 3 days,2025-09-09,2025-09-15,09-09-2025 - 15-09-2025,2
Sales,Hold invoices raised EH,2025-09-09,2025-09-15,09-09-2025 - 15-09-2025,26
Sales,Hold invoices raised PTH,2025-09-09,2025-09-15,09-09-2025 - 15-09-2025,2
Sales,Hold to Paid conversion EH,2025-09-09,2025-09-15,09-09-2025 - 15-09-2025,28
Sales,Hold to Paid conversion PTH,2025-09-09,2025-09-15,09-09-2025 - 15-09-2025,2
Sales,Lead to quote,2025-09-09,2025-09-15,09-09-2025 - 15-09-2025,33
Sales,Qualified Lead to Hold conversion EH,2025-09-09,2025-09-15,09-09-2025 - 15-09-2025,0.59
Sales,Qualified Lead to Hold conversion PTH,2025-09-09,2025-09-15,09-09-2025 - 15-09-2025,0.17
Sales,Hold invoices cancelled,NA,NA,NA,2
Sales,Hold invoices cancelled,NA,NA,NA,0
Sales,Hold invoices outstanding,NA,NA,NA,4
Sales,Hold invoices outstanding,NA,NA,NA,0
Sales,Hold invoices paid over 2 days,NA,NA,NA,2
Sales,Hold invoices paid over 3 days,NA,NA,NA,0
Sales,Hold invoices paid within 2 days,NA,NA,NA,7
Sales,Hold invoices paid within 3 days,NA,NA,NA,0
Sales,Hold invoices raised EH,NA,NA,NA,15
Sales,Hold invoices raised PTH,NA,NA,NA,0
Sales,Hold to Paid conversion EH,NA,NA,NA,9
Sales,Hold to Paid conversion PTH,NA,NA,NA,0
Sales,Lead to quote,NA,NA,NA,19
Sales,Qualified Lead to Hold conversion EH,NA,NA,NA,0.42
Sales,Qualified Lead to Hold conversion PTH,NA,NA,NA,0
